AccountNumber,TotalActivityCount_SUM,
ACCT0000006,848,
ACCT0000011,242,
ACCT0000026,547,
ACCT0000029,490,
ACCT0000034,10,
ACCT0000045,258,
ACCT0000046,182,
ACCT0000051,146,
ACCT0000055,344,
ACCT0000058,125,
ACCT0000060,32,
ACCT0000069,309,
ACCT0000070,91,
ACCT0000083,327,
ACCT0000114,644,
ACCT0000118,364,
ACCT0000119,542,
ACCT0000129,223,
ACCT0000130,282,
ACCT0000151,82,
ACCT0000163,261,
ACCT0000170,83,
ACCT0000173,68,
ACCT0000175,233,
ACCT0000179,205,
ACCT0000181,209,
ACCT0000184,1,
ACCT0000186,143,
ACCT0000188,74,
ACCT0000193,326,
ACCT0000199,310,
ACCT0000211,133,
ACCT0000222,28,
ACCT0000226,160,
ACCT0000231,36,
ACCT0000238,91,
ACCT0000246,237,
ACCT0000248,190,
ACCT0000251,41,
ACCT0000252,190,
ACCT0000257,144,
ACCT0000262,89,
ACCT0000268,62,
ACCT0000273,93,
ACCT0000278,47,
ACCT0000283,237,
ACCT0000285,"4,099",
ACCT0000288,94,
ACCT0000298,499,
ACCT0000302,142,
ACCT0000307,233,
ACCT0000312,13,
ACCT0000317,5,
ACCT0000318,2,
ACCT0000345,1,
ACCT0000360,42,
ACCT0000371,20,
ACCT0000377,178,
ACCT0000380,4,
ACCT0000384,229,
ACCT0000387,18,
ACCT0000388,44,
ACCT0000390,248,
ACCT0000391,31,
ACCT0000410,32,
ACCT0000423,443,
ACCT0000431,30,
ACCT0000465,2,
ACCT0000484,149,
ACCT0000486,133,
ACCT0000503,452,
ACCT0000504,133,
ACCT0000512,4,
ACCT0000525,421,
ACCT0000538,368,
ACCT0000544,14,
ACCT0000545,15,
ACCT0000552,26,
ACCT0000570,40,
ACCT0000572,8,
ACCT0000582,2,
ACCT0000588,53,
ACCT0000596,149,
ACCT0000606,79,
ACCT0000607,96,
ACCT0000621,252,
ACCT0000626,200,
ACCT0000637,328,
ACCT0000638,183,
ACCT0000639,44,
ACCT0000640,354,
ACCT0000647,269,
ACCT0000659,1,
ACCT0000669,13,
ACCT0000671,322,
ACCT0000675,27,
ACCT0000686,252,
ACCT0000696,240,
ACCT0000698,329,
ACCT0000699,37,
ACCT0000702,49,
ACCT0000706,150,
ACCT0000708,155,
ACCT0000721,122,
ACCT0000729,192,
ACCT0000738,28,
ACCT0000741,95,
ACCT0000749,242,
ACCT0000753,21,
ACCT0000761,363,
ACCT0000767,61,
ACCT0000776,111,
ACCT0000778,276,
ACCT0000781,180,
ACCT0000782,140,
ACCT0000785,5,
ACCT0000787,36,
ACCT0000788,245,
ACCT0000817,42,
ACCT0000831,755,
ACCT0000853,82,
ACCT0000854,105,
ACCT0000862,54,
ACCT0000863,16,
ACCT0000866,64,
ACCT0000873,140,
ACCT0000880,17,
ACCT0000893,12,
ACCT0000894,117,
ACCT0000906,112,
ACCT0000912,43,
ACCT0000917,417,
ACCT0000918,22,
ACCT0000923,11,
ACCT0000924,310,
ACCT0000934,136,
ACCT0000945,22,
ACCT0000962,236,
ACCT0000965,70,
ACCT0000970,7,
ACCT0000973,80,
ACCT0000975,470,
ACCT0000982,33,
ACCT0000988,432,
ACCT0000989,288,
ACCT0000993,98,
ACCT0000994,138,
ACCT0000998,60,
ACCT0001000,108,
ACCT0001003,21,
ACCT0001004,399,
ACCT0001005,14,
ACCT0001006,69,
ACCT0001012,123,
ACCT0001022,27,
ACCT0001033,204,
ACCT0001038,134,
ACCT0001039,171,
ACCT0001047,533,
ACCT0001050,235,
ACCT0001057,1,
ACCT0001059,30,
ACCT0001060,18,
ACCT0001066,146,
ACCT0001074,388,
ACCT0001079,238,
ACCT0001080,332,
ACCT0001086,69,
ACCT0001092,8,
ACCT0001107,354,
ACCT0001125,129,
ACCT0001144,27,
ACCT0001149,4,
ACCT0001152,64,
ACCT0001153,96,
ACCT0001154,410,
ACCT0001159,174,
ACCT0001162,371,
ACCT0001171,3,
ACCT0001179,11,
ACCT0001182,704,
ACCT0001184,56,
ACCT0001215,238,
ACCT0001222,46,
ACCT0001223,208,
ACCT0001228,4,
ACCT0001230,544,
ACCT0001241,217,
ACCT0001244,32,
ACCT0001250,55,
ACCT0001257,11,
ACCT0001277,3,
ACCT0001285,90,
ACCT0001290,68,
ACCT0001291,271,
ACCT0001298,11,
ACCT0001300,90,
ACCT0001329,6,
ACCT0001336,12,
ACCT0001348,121,
ACCT0001353,245,
ACCT0001365,137,
ACCT0001379,828,
ACCT0001381,41,
ACCT0001391,70,
ACCT0001417,615,
ACCT0001421,170,
ACCT0001424,599,
ACCT0001425,217,
ACCT0001432,254,
ACCT0001433,275,
ACCT0001436,83,
ACCT0001439,66,
ACCT0001440,392,
ACCT0001448,126,
ACCT0001452,337,
ACCT0001453,91,
ACCT0001456,51,
ACCT0001467,863,
ACCT0001469,27,
ACCT0001471,139,
ACCT0001472,64,
ACCT0001476,792,
ACCT0001483,14,
ACCT0001494,509,
ACCT0001495,201,
ACCT0001506,717,
ACCT0001507,706,
ACCT0001509,54,
ACCT0001511,719,
ACCT0001513,50,
ACCT0001514,657,
ACCT0001522,172,
ACCT0001528,73,
ACCT0001531,167,
ACCT0001533,49,
ACCT0001534,8,
ACCT0001539,394,
ACCT0001540,95,
ACCT0001551,225,
ACCT0001567,263,
ACCT0001573,348,
ACCT0001584,153,
ACCT0001596,251,
ACCT0001603,169,
ACCT0001615,68,
ACCT0001623,200,
ACCT0001624,33,
ACCT0001630,53,
ACCT0001631,12,
ACCT0001632,1,
ACCT0001633,2,
ACCT0001635,231,
ACCT0001647,6,
ACCT0001650,88,
ACCT0001661,27,
ACCT0001662,562,
ACCT0001671,4,
ACCT0001675,7,
ACCT0001678,38,
ACCT0001681,192,
ACCT0001692,182,
ACCT0001694,201,
ACCT0001696,462,
ACCT0001700,59,
ACCT0001704,248,
ACCT0001708,289,
ACCT0001721,91,
ACCT0001722,64,
ACCT0001731,217,
ACCT0001737,37,
ACCT0001738,62,
ACCT0001754,63,
ACCT0001755,186,
ACCT0001766,462,
ACCT0001772,271,
ACCT0001775,35,
ACCT0001789,51,
ACCT0001792,449,
ACCT0001793,389,
ACCT0001839,275,
ACCT0001841,645,
ACCT0001845,134,
ACCT0001846,174,
ACCT0001847,21,
ACCT0001852,249,
ACCT0001875,23,
ACCT0001908,33,
ACCT0001923,5,
ACCT0001931,489,
ACCT0001955,88,
ACCT0001957,81,
ACCT0001966,44,
ACCT0001975,14,
ACCT0001981,5,
ACCT0002017,41,
ACCT0002020,85,
ACCT0002028,71,
ACCT0002037,297,
ACCT0002044,647,
ACCT0002049,79,
ACCT0002052,10,
ACCT0002065,6,
ACCT0002066,8,
ACCT0002079,222,
ACCT0002096,139,
ACCT0002102,170,
ACCT0002104,79,
ACCT0002141,135,
ACCT0002166,127,
ACCT0002189,81,
ACCT0002192,42,
ACCT0002209,17,
ACCT0002237,25,
ACCT0002241,19,
ACCT0002245,88,
ACCT0002250,90,
ACCT0002261,4,
ACCT0002283,86,
ACCT0002290,56,
ACCT0002291,249,
ACCT0002308,6,
ACCT0002313,30,
ACCT0002328,2,
ACCT0002329,10,
ACCT0002330,187,
ACCT0002332,45,
ACCT0002340,440,
ACCT0002342,5,
ACCT0002351,217,
ACCT0002354,59,
ACCT0002357,11,
ACCT0002373,37,
ACCT0002377,3,
ACCT0002381,174,
ACCT0002384,710,
ACCT0002385,321,
ACCT0002387,2,
ACCT0002390,328,
ACCT0002404,120,
ACCT0002410,192,
ACCT0002414,52,
ACCT0002431,138,
ACCT0002437,43,
ACCT0002453,756,
ACCT0002468,6,
ACCT0002469,23,
ACCT0002491,127,
ACCT0002492,485,
ACCT0002499,3,
ACCT0002516,86,
ACCT0002533,9,
ACCT0002564,34,
ACCT0002577,258,
ACCT0002581,14,
ACCT0002583,13,
ACCT0002584,307,
ACCT0002592,134,
ACCT0002606,59,
ACCT0002629,35,
ACCT0002649,41,
ACCT0002678,76,
ACCT0002683,60,
ACCT0002693,52,
ACCT0002695,26,
ACCT0002717,59,
ACCT0002750,10,
ACCT0002766,58,
ACCT0002818,13,
ACCT0002829,21,
ACCT0002843,53,
ACCT0002847,64,
ACCT0002884,56,
ACCT0002887,28,
ACCT0002932,157,
ACCT0002940,30,
ACCT0002957,11,
ACCT0002993,47,
ACCT0003010,59,
ACCT0003015,86,
ACCT0003016,47,
ACCT0003020,105,
ACCT0003022,54,
ACCT0003031,216,
ACCT0003037,120,
ACCT0003049,138,
ACCT0003058,15,
ACCT0003069,69,
ACCT0003093,167,
ACCT0003100,768,
ACCT0003102,120,
ACCT0003110,205,
ACCT0003122,125,
ACCT0003128,273,
ACCT0003162,185,
ACCT0003193,92,
ACCT0003198,25,
ACCT0003222,179,
ACCT0003234,144,
ACCT0003236,8,
ACCT0003258,27,
ACCT0003291,62,
ACCT0003315,12,
ACCT0003320,17,
ACCT0003339,129,
ACCT0003342,3,
ACCT0003350,21,
ACCT0003353,621,
ACCT0003355,430,
ACCT0003377,147,
ACCT0003438,105,
ACCT0003439,29,
ACCT0003475,10,
ACCT0003498,57,
ACCT0003499,17,
ACCT0003500,28,
ACCT0003505,1,
ACCT0003509,119,
ACCT0003511,253,
ACCT0003519,106,
ACCT0003522,66,
ACCT0003523,32,
ACCT0003533,227,
ACCT0003536,374,
ACCT0003549,406,
ACCT0003554,65,
ACCT0003555,139,
ACCT0003563,688,
ACCT0003566,196,
ACCT0003567,105,
ACCT0003573,360,
ACCT0003580,257,
ACCT0003583,339,
ACCT0003587,236,
ACCT0003590,552,
ACCT0003594,248,
ACCT0003602,75,
ACCT0003606,206,
ACCT0003607,7,
ACCT0003609,59,
ACCT0003615,3,
ACCT0003617,191,
ACCT0003621,14,
ACCT0003627,2,
ACCT0003629,"2,019",
ACCT0003637,"1,177",
ACCT0003641,251,
ACCT0003648,14,
ACCT0003649,248,
ACCT0003653,6,
ACCT0003666,"1,287",
ACCT0003679,301,
ACCT0003682,260,
ACCT0003702,97,
ACCT0003717,44,
ACCT0003718,1,
ACCT0003735,176,
ACCT0003752,5,
ACCT0003753,81,
ACCT0003775,221,
ACCT0003776,149,
ACCT0003779,240,
ACCT0003781,179,
ACCT0003791,23,
ACCT0003798,507,
ACCT0003852,275,
ACCT0003875,257,
ACCT0003892,159,
ACCT0003926,81,
ACCT0003934,34,
ACCT0003943,56,
ACCT0003956,50,
ACCT0003977,354,
ACCT0003996,334,
ACCT0004014,243,
ACCT0004016,3,
ACCT0004018,45,
ACCT0004023,212,
ACCT0004027,109,
ACCT0004029,"4,037",
ACCT0004034,401,
ACCT0004040,260,
ACCT0004045,271,
ACCT0004046,398,
ACCT0004047,8,
ACCT0004048,117,
ACCT0004049,59,
ACCT0004050,43,
ACCT0004064,1,
ACCT0004066,60,
ACCT0004080,754,
ACCT0004083,151,
ACCT0004084,123,
ACCT0004109,142,
ACCT0004125,343,
ACCT0004129,7,
ACCT0004149,108,
ACCT0004159,72,
ACCT0004187,145,
ACCT0004193,19,
ACCT0004196,235,
ACCT0004231,61,
ACCT0004236,55,
ACCT0004240,96,
ACCT0004249,360,
ACCT0004250,4,
ACCT0004251,316,
ACCT0004253,93,
ACCT0004265,397,
ACCT0004278,126,
ACCT0004282,313,
ACCT0004284,172,
ACCT0004286,224,
ACCT0004294,68,
ACCT0004300,1,
ACCT0004305,122,
ACCT0004306,6,
ACCT0004307,85,
ACCT0004308,4,
ACCT0004315,214,
ACCT0004321,171,
ACCT0004330,31,
ACCT0004333,23,
ACCT0004337,36,
ACCT0004338,133,
ACCT0004341,320,
ACCT0004354,393,
ACCT0004358,10,
ACCT0004362,145,
ACCT0004363,295,
ACCT0004370,181,
ACCT0004375,22,
ACCT0004379,251,
ACCT0004391,139,
ACCT0004393,23,
ACCT0004395,125,
ACCT0004401,8,
ACCT0004409,9,
ACCT0004412,199,
ACCT0004416,1,
ACCT0004428,310,
ACCT0004452,133,
ACCT0004453,24,
ACCT0004457,1,
ACCT0004458,101,
ACCT0004461,1,
ACCT0004464,143,
ACCT0004469,139,
ACCT0004471,60,
ACCT0004482,6,
ACCT0004487,407,
ACCT0004503,218,
ACCT0004523,241,
ACCT0004525,14,
ACCT0004533,208,
ACCT0004535,64,
ACCT0004550,128,
ACCT0004565,66,
ACCT0004568,123,
ACCT0004574,131,
ACCT0004581,2,
ACCT0004584,78,
ACCT0004586,276,
ACCT0004600,102,
ACCT0004618,76,
ACCT0004632,1,
ACCT0004633,18,
ACCT0004664,15,
ACCT0004670,726,
ACCT0004684,38,
ACCT0004686,188,
ACCT0004687,9,
ACCT0004699,1,
ACCT0004707,276,
ACCT0004726,138,
ACCT0004735,192,
ACCT0004744,34,
ACCT0004748,58,
ACCT0004751,52,
ACCT0004753,18,
ACCT0004754,92,
ACCT0004755,31,
ACCT0004756,9,
ACCT0004769,7,
ACCT0004772,64,
ACCT0004781,3,
ACCT0004803,249,
ACCT0004826,391,
ACCT0004838,18,
ACCT0004855,15,
ACCT0004866,330,
ACCT0004868,8,
ACCT0004870,63,
ACCT0004879,6,
ACCT0004892,786,
ACCT0004897,94,
ACCT0004901,81,
ACCT0004902,71,
ACCT0004905,17,
ACCT0004906,74,
ACCT0004908,725,
ACCT0004909,73,
ACCT0004911,293,
ACCT0004913,4,
ACCT0004916,23,
ACCT0004919,53,
ACCT0004936,278,
ACCT0004940,70,
ACCT0004941,143,
ACCT0004944,93,
ACCT0004957,"1,619",
ACCT0004960,168,
ACCT0004962,272,
ACCT0004969,116,
ACCT0004976,157,
ACCT0004990,109,
ACCT0005017,70,
ACCT0005021,43,
ACCT0005029,106,
ACCT0005041,18,
ACCT0005044,21,
ACCT0005053,88,
ACCT0005058,88,
ACCT0005065,62,
ACCT0005071,97,
ACCT0005083,41,
ACCT0005087,530,
ACCT0005097,148,
ACCT0005098,34,
ACCT0005102,826,
ACCT0005108,9,
ACCT0005111,69,
ACCT0005114,61,
ACCT0005116,782,
ACCT0005124,22,
ACCT0005141,1,
ACCT0005144,440,
ACCT0005146,19,
ACCT0005148,666,
ACCT0005154,207,
ACCT0005164,13,
ACCT0005165,118,
ACCT0005170,5,
ACCT0005176,53,
ACCT0005178,223,
ACCT0005190,2,
ACCT0005194,57,
ACCT0005200,349,
ACCT0005209,90,
ACCT0005221,6,
ACCT0005231,25,
ACCT0005241,156,
ACCT0005246,195,
ACCT0005260,98,
ACCT0005271,17,
ACCT0005275,274,
ACCT0005276,40,
ACCT0005277,48,
ACCT0005278,46,
ACCT0005286,54,
ACCT0005287,16,
ACCT0005311,231,
ACCT0005326,3,
ACCT0005330,1,
ACCT0005345,485,
ACCT0005347,71,
ACCT0005350,191,
ACCT0005352,272,
ACCT0005373,29,
ACCT0005378,23,
ACCT0005381,40,
ACCT0005388,307,
ACCT0005396,78,
ACCT0005415,10,
ACCT0005420,42,
ACCT0005425,246,
ACCT0005428,528,
ACCT0005429,19,
ACCT0005436,292,
ACCT0005438,3,
ACCT0005440,73,
ACCT0005443,100,
ACCT0005456,130,
ACCT0005469,1,
ACCT0005472,127,
ACCT0005478,37,
ACCT0005491,27,
ACCT0005506,9,
ACCT0005507,71,
ACCT0005525,7,
ACCT0005531,25,
ACCT0005535,73,
ACCT0005545,76,
ACCT0005550,40,
ACCT0005556,52,
ACCT0005560,493,
ACCT0005561,115,
ACCT0005566,7,
ACCT0005571,70,
ACCT0005585,1,
ACCT0005594,4,
ACCT0005595,3,
ACCT0005600,46,
ACCT0005602,30,
ACCT0005603,3,
ACCT0005604,86,
ACCT0005606,89,
ACCT0005607,28,
ACCT0005624,30,
ACCT0005630,48,
ACCT0005645,57,
ACCT0005646,618,
ACCT0005650,197,
ACCT0005661,173,
ACCT0005663,65,
ACCT0005668,290,
ACCT0005673,86,
ACCT0005684,279,
ACCT0005693,1,
ACCT0005695,47,
ACCT0005707,3,
ACCT0005712,1,
ACCT0005722,32,
ACCT0005725,192,
ACCT0005726,249,
ACCT0005737,28,
ACCT0005739,63,
ACCT0005742,2,
ACCT0005752,6,
ACCT0005759,20,
ACCT0005760,43,
ACCT0005767,116,
ACCT0005769,588,
ACCT0005773,514,
ACCT0005775,266,
ACCT0005778,34,
ACCT0005785,115,
ACCT0005788,49,
ACCT0005795,40,
ACCT0005796,334,
ACCT0005806,165,
ACCT0005819,83,
ACCT0005824,300,
ACCT0005825,166,
ACCT0005830,126,
ACCT0005831,33,
ACCT0005837,40,
ACCT0005838,1,
ACCT0005848,236,
ACCT0005869,81,
ACCT0005872,108,
ACCT0005885,62,
ACCT0005896,15,
ACCT0005899,1,
ACCT0005906,196,
ACCT0005919,140,
ACCT0005931,55,
ACCT0005937,10,
ACCT0005940,12,
ACCT0005951,11,
ACCT0005961,487,
ACCT0005970,46,
ACCT0005976,356,
ACCT0005978,287,
ACCT0006001,501,
ACCT0006016,138,
ACCT0006020,286,
ACCT0006021,751,
ACCT0006022,85,
ACCT0006024,875,
ACCT0006029,50,
ACCT0006035,110,
ACCT0006037,137,
ACCT0006041,170,
ACCT0006050,5,
ACCT0006052,3,
ACCT0006128,6,
ACCT0006129,104,
ACCT0006131,114,
ACCT0006132,168,
ACCT0006135,114,
ACCT0006138,235,
ACCT0006140,52,
ACCT0006141,35,
ACCT0006149,481,
ACCT0006151,1,
ACCT0006169,159,
ACCT0006177,364,
ACCT0006180,2,
ACCT0006194,84,
ACCT0006199,133,
ACCT0006200,126,
ACCT0006202,612,
ACCT0006205,10,
ACCT0006206,85,
ACCT0006209,11,
ACCT0006211,173,
ACCT0006219,272,
ACCT0006225,3,
ACCT0006257,7,
ACCT0006261,89,
ACCT0006264,188,
ACCT0006275,224,
ACCT0006278,139,
ACCT0006316,1,
ACCT0006326,7,
ACCT0006351,1,
ACCT0006353,57,
ACCT0006355,171,
ACCT0006358,17,
ACCT0006367,638,
ACCT0006371,446,
ACCT0006393,14,
ACCT0006397,153,
ACCT0006399,3,
ACCT0006400,348,
ACCT0006404,"1,775",
ACCT0006405,19,
ACCT0006412,92,
ACCT0006417,1,
ACCT0006419,190,
ACCT0006427,39,
ACCT0006430,200,
ACCT0006441,41,
ACCT0006442,1,
ACCT0006457,171,
ACCT0006479,111,
ACCT0006489,845,
ACCT0006516,337,
ACCT0006540,2,
ACCT0006542,"1,024",
ACCT0006544,15,
ACCT0006555,31,
ACCT0006558,1,
ACCT0006562,6,
ACCT0006565,247,
ACCT0006569,105,
ACCT0006577,30,
ACCT0006580,52,
ACCT0006591,76,
ACCT0006615,361,
ACCT0006630,131,
ACCT0006635,78,
ACCT0006636,859,
ACCT0006657,384,
ACCT0006667,144,
ACCT0006691,6,
ACCT0006695,177,
ACCT0006701,28,
ACCT0006702,62,
ACCT0006709,164,
ACCT0006710,188,
ACCT0006716,83,
ACCT0006719,51,
ACCT0006721,86,
ACCT0006723,13,
ACCT0006727,40,
ACCT0006751,73,
ACCT0006757,36,
ACCT0006760,940,
ACCT0006763,478,
ACCT0006769,152,
ACCT0006774,635,
ACCT0006779,28,
ACCT0006780,46,
ACCT0006781,70,
ACCT0006785,408,
ACCT0006796,76,
ACCT0006802,56,
ACCT0006809,21,
ACCT0006810,159,
ACCT0006831,399,
ACCT0006833,167,
ACCT0006834,262,
ACCT0006842,14,
ACCT0006851,673,
ACCT0006854,221,
ACCT0006856,1,
ACCT0006858,37,
ACCT0006863,21,
ACCT0006867,1,
ACCT0006869,32,
ACCT0006887,7,
ACCT0006892,28,
ACCT0006897,183,
ACCT0006903,78,
ACCT0006906,16,
ACCT0006910,16,
ACCT0006929,3,
ACCT0006937,114,
ACCT0006939,88,
ACCT0006940,226,
ACCT0006942,1,
ACCT0006943,49,
ACCT0006946,47,
ACCT0006947,71,
ACCT0006966,3,
ACCT0006970,20,
ACCT0006980,775,
ACCT0006991,12,
ACCT0007002,7,
ACCT0007003,7,
ACCT0007006,371,
ACCT0007013,49,
ACCT0007014,16,
ACCT0007017,80,
ACCT0007041,166,
ACCT0007046,5,
ACCT0007048,11,
ACCT0007051,20,
ACCT0007071,93,
ACCT0007074,45,
ACCT0007078,76,
ACCT0007085,107,
ACCT0007100,108,
ACCT0007101,126,
ACCT0007102,201,
ACCT0007118,23,
ACCT0007140,5,
ACCT0007151,66,
ACCT0007160,169,
ACCT0007163,38,
ACCT0007180,74,
ACCT0007188,111,
ACCT0007202,477,
ACCT0007205,129,
ACCT0007222,7,
ACCT0007236,15,
ACCT0007243,164,
ACCT0007251,225,
ACCT0007254,5,
ACCT0007255,4,
ACCT0007293,21,
ACCT0007296,114,
ACCT0007305,16,
ACCT0007313,9,
ACCT0007315,1,
ACCT0007321,33,
ACCT0007323,8,
ACCT0007329,19,
ACCT0007331,12,
ACCT0007336,46,
ACCT0007340,67,
ACCT0007341,14,
ACCT0007346,4,
ACCT0007351,182,
ACCT0007361,19,
ACCT0007369,47,
ACCT0007380,778,
ACCT0007386,3,
ACCT0007394,4,
ACCT0007424,"1,546",
ACCT0007430,35,
ACCT0007431,1,
ACCT0007451,239,
ACCT0007452,100,
ACCT0007454,26,
ACCT0007462,823,
ACCT0007464,50,
ACCT0007491,"1,139",
ACCT0007496,120,
ACCT0007515,22,
ACCT0007516,8,
ACCT0007517,53,
ACCT0007524,4,
ACCT0007526,260,
ACCT0007527,426,
ACCT0007549,185,
ACCT0007551,14,
ACCT0007555,31,
ACCT0007570,192,
ACCT0007574,27,
ACCT0007575,200,
ACCT0007576,2,
ACCT0007577,615,
ACCT0007588,120,
ACCT0007590,23,
ACCT0007593,208,
ACCT0007596,70,
ACCT0007601,169,
ACCT0007628,4,
ACCT0007633,6,
ACCT0007644,220,
ACCT0007651,113,
ACCT0007661,1,
ACCT0007666,39,
ACCT0007673,296,
ACCT0007689,173,
ACCT0007699,7,
ACCT0007706,1,
ACCT0007710,1,
ACCT0007727,2,
ACCT0007734,28,
ACCT0007754,5,
ACCT0007765,158,
ACCT0007767,89,
ACCT0007769,13,
ACCT0007771,25,
ACCT0007772,295,
ACCT0007788,300,
ACCT0007789,46,
ACCT0007885,3,
ACCT0007889,13,
ACCT0007906,21,
ACCT0007907,168,
ACCT0007932,36,
ACCT0007947,39,
ACCT0007953,44,
ACCT0007961,119,
ACCT0007982,284,
ACCT0007985,56,
ACCT0007994,5,
ACCT0008002,64,
ACCT0008006,36,
ACCT0008008,53,
ACCT0008020,19,
ACCT0008027,9,
ACCT0008030,35,
ACCT0008034,496,
ACCT0008045,73,
ACCT0008049,166,
ACCT0008067,136,
ACCT0008072,62,
ACCT0008087,76,
ACCT0008090,24,
ACCT0008096,184,
ACCT0008098,45,
ACCT0008100,7,
ACCT0008111,4,
ACCT0008120,51,
ACCT0008123,31,
ACCT0008126,3,
ACCT0008135,44,
ACCT0008139,122,
ACCT0008154,43,
ACCT0008159,70,
ACCT0008176,132,
ACCT0008185,3,
ACCT0008188,34,
ACCT0008191,436,
ACCT0008192,102,
ACCT0008196,194,
ACCT0008198,639,
ACCT0008200,20,
ACCT0008201,701,
ACCT0008202,2,
ACCT0008205,44,
ACCT0008207,108,
ACCT0008211,104,
ACCT0008222,74,
ACCT0008251,18,
ACCT0008260,8,
ACCT0008296,1,
ACCT0008299,83,
ACCT0008325,10,
ACCT0008371,29,
ACCT0008372,17,
ACCT0008382,256,
ACCT0008393,163,
ACCT0008394,164,
ACCT0008411,39,
ACCT0008424,266,
ACCT0008460,75,
ACCT0008485,13,
ACCT0008502,166,
ACCT0008503,1,
ACCT0008513,1,
ACCT0008531,52,
ACCT0008543,5,
ACCT0008584,41,
ACCT0008591,472,
ACCT0008597,100,
ACCT0008603,61,
ACCT0008609,720,
ACCT0008612,3,
ACCT0008614,156,
ACCT0008616,95,
ACCT0008619,107,
ACCT0008620,115,
ACCT0008622,375,
ACCT0008624,367,
ACCT0008626,4,
ACCT0008668,154,
ACCT0008674,65,
ACCT0008675,5,
ACCT0008678,102,
ACCT0008685,19,
ACCT0008700,41,
ACCT0008702,87,
ACCT0008706,359,
ACCT0008708,"1,220",
ACCT0008715,160,
ACCT0008720,3,
ACCT0008725,314,
ACCT0008763,88,
ACCT0008784,14,
ACCT0008786,533,
ACCT0008788,84,
ACCT0008790,1,
ACCT0008797,99,
ACCT0008798,741,
ACCT0008799,52,
ACCT0008810,12,
ACCT0008813,1,
ACCT0008826,94,
ACCT0008834,81,
ACCT0008837,177,
ACCT0008838,181,
ACCT0008844,96,
ACCT0008853,79,
ACCT0008866,199,
ACCT0008872,29,
ACCT0008877,321,
ACCT0008897,1,
ACCT0008900,133,
ACCT0008901,7,
ACCT0008909,336,
ACCT0008910,4,
ACCT0008917,269,
ACCT0008918,71,
ACCT0008920,45,
ACCT0008934,49,
ACCT0008937,6,
ACCT0008938,11,
ACCT0008945,18,
ACCT0008952,3,
ACCT0008962,24,
ACCT0009003,35,
ACCT0009010,23,
ACCT0009011,201,
ACCT0009012,5,
ACCT0009023,56,
ACCT0009039,348,
ACCT0009048,59,
ACCT0009054,214,
ACCT0009059,50,
ACCT0009060,12,
ACCT0009084,3,
ACCT0009086,13,
ACCT0009095,204,
ACCT0009099,7,
ACCT0009102,82,
ACCT0009109,541,
ACCT0009110,638,
ACCT0009119,456,
ACCT0009121,10,
ACCT0009126,19,
ACCT0009129,154,
ACCT0009136,181,
ACCT0009137,171,
ACCT0009145,58,
ACCT0009147,359,
ACCT0009152,296,
ACCT0009156,5,
ACCT0009158,20,
ACCT0009160,61,
ACCT0009163,18,
ACCT0009168,996,
ACCT0009175,18,
ACCT0009176,1,
ACCT0009178,504,
ACCT0009179,2,
ACCT0009186,275,
ACCT0009189,67,
ACCT0009193,23,
ACCT0009199,318,
ACCT0009219,14,
ACCT0009221,174,
ACCT0009233,115,
ACCT0009239,1,
ACCT0009242,174,
ACCT0009249,30,
ACCT0009250,145,
ACCT0009251,48,
ACCT0009253,21,
ACCT0009254,306,
ACCT0009260,89,
ACCT0009274,108,
ACCT0009278,205,
ACCT0009280,23,
ACCT0009293,47,
ACCT0009300,3,
ACCT0009303,140,
ACCT0009320,18,
ACCT0009333,173,
ACCT0009343,47,
ACCT0009347,45,
ACCT0009356,32,
ACCT0009359,8,
ACCT0009382,17,
ACCT0009389,169,
ACCT0009402,1,
ACCT0009424,165,
ACCT0009437,505,
ACCT0009443,7,
ACCT0009460,141,
ACCT0009466,2,
ACCT0009473,15,
ACCT0009486,1,
ACCT0009503,673,
ACCT0009509,38,
ACCT0009510,26,
ACCT0009512,22,
ACCT0009515,129,
ACCT0009519,233,
ACCT0009520,267,
ACCT0009534,169,
ACCT0009539,20,
ACCT0009546,15,
ACCT0009552,426,
ACCT0009555,37,
ACCT0009556,58,
ACCT0009568,36,
ACCT0009570,112,
ACCT0009574,11,
ACCT0009579,47,
ACCT0009581,45,
ACCT0009582,69,
ACCT0009601,372,
ACCT0009607,62,
ACCT0009608,347,
ACCT0009611,169,
ACCT0009620,19,
ACCT0009624,4,
ACCT0009636,260,
ACCT0009642,3,
ACCT0009647,191,
ACCT0009656,1,
ACCT0009659,3,
ACCT0009661,42,
ACCT0009687,5,
ACCT0009694,50,
ACCT0009721,222,
ACCT0009725,25,
ACCT0009731,335,
ACCT0009737,40,
ACCT0009744,3,
ACCT0009747,14,
ACCT0009752,284,
ACCT0009757,6,
ACCT0009759,6,
ACCT0009768,6,
ACCT0009784,104,
ACCT0009787,1,
ACCT0009789,12,
ACCT0009790,24,
ACCT0009792,33,
ACCT0009795,148,
ACCT0009807,0,
ACCT0009838,119,
ACCT0009839,5,
ACCT0009845,95,
ACCT0009849,11,
ACCT0009853,28,
ACCT0009854,47,
ACCT0009861,88,
ACCT0009865,8,
ACCT0009874,67,
ACCT0009879,76,
ACCT0009880,153,
ACCT0009895,86,
ACCT0009897,71,
ACCT0009901,232,
ACCT0009908,191,
ACCT0009926,33,
ACCT0009927,124,
ACCT0009936,6,
ACCT0009944,1,
ACCT0009956,138,
ACCT0009966,8,
ACCT0009974,14,
ACCT0009982,791,
ACCT0009986,253,
ACCT0010061,"1,029",
ACCT0010062,97,
ACCT0010064,51,
ACCT0010069,401,
ACCT0010070,28,
ACCT0010071,617,
ACCT0010073,301,
ACCT0010080,127,
ACCT0010086,529,
ACCT0010087,28,
ACCT0010100,6,
ACCT0010113,413,
ACCT0010120,130,
ACCT0010123,13,
ACCT0010139,205,
ACCT0010165,25,
ACCT0010171,3,
ACCT0010173,202,
ACCT0010216,7,
ACCT0010236,13,
ACCT0010239,60,
ACCT0010245,5,
ACCT0010250,88,
ACCT0010253,157,
ACCT0010261,240,
ACCT0010285,177,
ACCT0010291,103,
ACCT0010292,79,
ACCT0010297,1,
ACCT0010313,182,
ACCT0010314,8,
ACCT0010338,64,
ACCT0010344,23,
ACCT0010358,96,
ACCT0010367,68,
ACCT0010368,123,
ACCT0010376,20,
ACCT0010378,26,
ACCT0010386,31,
ACCT0010395,22,
ACCT0010401,1,
ACCT0010415,24,
ACCT0010463,6,
ACCT0010470,46,
ACCT0010471,22,
ACCT0010508,113,
ACCT0010528,13,
ACCT0010542,41,
ACCT0010553,277,
ACCT0010569,258,
ACCT0010572,86,
ACCT0010585,347,
ACCT0010587,3,
ACCT0010592,2,
ACCT0010596,446,
ACCT0010600,62,
ACCT0010602,254,
ACCT0010605,222,
ACCT0010610,302,
ACCT0010614,62,
ACCT0010625,45,
ACCT0010630,185,
ACCT0010645,21,
ACCT0010646,112,
ACCT0010658,296,
ACCT0010660,26,
ACCT0010678,46,
ACCT0010680,1,
ACCT0010684,53,
ACCT0010685,"1,376",
ACCT0010686,383,
ACCT0010691,286,
ACCT0010696,12,
ACCT0010697,72,
ACCT0010699,150,
ACCT0010701,354,
ACCT0010712,760,
ACCT0010718,2,
ACCT0010730,74,
ACCT0010732,142,
ACCT0010736,1,
ACCT0010747,127,
ACCT0010748,13,
ACCT0010752,77,
ACCT0010754,30,
ACCT0010771,177,
ACCT0010786,14,
ACCT0010795,305,
ACCT0010809,311,
ACCT0010817,190,
ACCT0010819,97,
ACCT0010824,37,
ACCT0010828,115,
ACCT0010830,19,
ACCT0010834,29,
ACCT0010835,429,
ACCT0010852,30,
ACCT0010857,11,
ACCT0010859,577,
ACCT0010863,86,
ACCT0010873,162,
ACCT0010889,9,
ACCT0010890,22,
ACCT0010895,3,
ACCT0010896,72,
ACCT0010914,44,
ACCT0010925,92,
ACCT0010932,407,
ACCT0010954,1,
ACCT0010960,35,
ACCT0010975,34,
ACCT0010976,50,
ACCT0010990,1,
ACCT0010991,55,
ACCT0010992,39,
ACCT0010994,165,
ACCT0011026,15,
ACCT0011028,45,
ACCT0011046,22,
ACCT0011068,40,
ACCT0011074,3,
ACCT0011080,296,
ACCT0011082,141,
ACCT0011086,6,
ACCT0011105,13,
ACCT0011126,35,
ACCT0011180,4,
ACCT0011308,184,
ACCT0011367,84,
ACCT0011398,114,
ACCT0011410,6,
ACCT0011447,5,
ACCT0011453,26,
ACCT0011531,3,
ACCT0011586,107,
ACCT0011911,79,
ACCT0011915,3,
ACCT0012115,2,
ACCT0012116,92,
ACCT0012126,281,
ACCT0012212,416,
ACCT0012230,22,
ACCT0012235,54,
ACCT0012391,24,
ACCT0012457,56,
ACCT0012489,52,
ACCT0012672,8,
ACCT0012678,2,
ACCT0012682,345,
ACCT0012816,2,
ACCT0012889,66,
ACCT0012914,249,
ACCT0012956,175,
ACCT0012962,254,
ACCT0013128,373,
ACCT0013273,129,
ACCT0013280,22,
ACCT0013288,38,
ACCT0013295,342,
ACCT0013300,337,
ACCT0013314,3,
ACCT0013318,20,
ACCT0013322,120,
ACCT0013323,140,
ACCT0013326,292,
ACCT0013333,502,
ACCT0013340,240,
ACCT0013355,50,
ACCT0013357,185,
ACCT0013370,5,
ACCT0013377,142,
ACCT0013388,83,
ACCT0013390,317,
ACCT0013395,30,
ACCT0013748,8,
ACCT0013750,3,
ACCT0013981,143,
ACCT0013986,129,
ACCT0013996,300,
ACCT0014001,40,
ACCT0014006,1,
ACCT0014007,120,
ACCT0014023,256,
ACCT0014058,144,
ACCT0014060,43,
ACCT0014072,9,
ACCT0014087,9,
ACCT0014110,344,
ACCT0014119,10,
ACCT0014128,92,
ACCT0014130,243,
ACCT0014138,122,
ACCT0014157,116,
ACCT0014160,10,
ACCT0014164,8,
ACCT0014165,197,
ACCT0014177,3,
ACCT0014187,75,
ACCT0014188,223,
ACCT0014190,241,
ACCT0014222,86,
ACCT0014231,297,
ACCT0014232,132,
ACCT0014240,1,
ACCT0014250,56,
ACCT0014252,6,
ACCT0014256,6,
ACCT0014262,522,
ACCT0014264,25,
ACCT0014272,4,
ACCT0014273,1,
ACCT0014298,128,
ACCT0014302,46,
ACCT0014311,75,
ACCT0014312,427,
ACCT0014337,194,
ACCT0014351,75,
ACCT0014354,139,
ACCT0014356,247,
ACCT0014358,12,
ACCT0014359,5,
ACCT0014360,18,
ACCT0014361,103,
ACCT0014364,630,
ACCT0014372,264,
ACCT0014374,90,
ACCT0014384,1,
ACCT0014391,79,
ACCT0014412,37,
ACCT0014494,6,
ACCT0014507,28,
ACCT0014534,50,
ACCT0014538,5,
ACCT0014577,28,
ACCT0014585,70,
ACCT0014681,7,
ACCT0014720,43,
ACCT0014871,171,
ACCT0014932,36,
ACCT0014943,153,
ACCT0014958,43,
ACCT0014963,105,
ACCT0014974,144,
ACCT0014999,34,
ACCT0015010,14,
ACCT0015020,325,
ACCT0015055,129,
ACCT0015065,6,
ACCT0015094,18,
ACCT0015109,9,
ACCT0015128,224,
ACCT0015169,318,
ACCT0015283,1,
ACCT0015341,8,
ACCT0015458,20,
ACCT0015462,113,
ACCT0015467,1,
ACCT0015471,2,
ACCT0015480,66,
ACCT0015504,33,
ACCT0015505,14,
ACCT0015506,166,
ACCT0015507,44,
ACCT0015508,97,
ACCT0015511,183,
ACCT0015522,10,
ACCT0015564,53,
ACCT0015565,426,
ACCT0015568,92,
ACCT0015572,7,
ACCT0015587,381,
ACCT0015590,191,
ACCT0015598,238,
ACCT0015600,56,
ACCT0015603,52,
ACCT0015609,284,
ACCT0015619,6,
ACCT0015629,22,
ACCT0015630,49,
ACCT0015632,44,
ACCT0015654,79,
ACCT0015662,101,
ACCT0015683,20,
ACCT0015694,"1,336",
ACCT0015695,86,
ACCT0015702,655,
ACCT0015703,23,
ACCT0015705,98,
ACCT0015706,4,
ACCT0015709,218,
ACCT0015710,22,
ACCT0015713,59,
ACCT0015715,281,
ACCT0015721,23,
ACCT0015722,167,
ACCT0015736,110,
ACCT0015737,2,
ACCT0015740,33,
ACCT0015743,7,
ACCT0015760,64,
ACCT0015766,8,
ACCT0015773,4,
ACCT0015795,191,
ACCT0015797,1,
ACCT0015817,3,
ACCT0015842,3,
ACCT0015850,13,
ACCT0015871,1,
ACCT0015905,8,
ACCT0015923,674,
ACCT0015929,4,
ACCT0015931,3,
ACCT0015932,22,
ACCT0015949,520,
ACCT0015956,5,
ACCT0015959,27,
ACCT0015960,55,
ACCT0015967,295,
ACCT0015974,37,
ACCT0015976,15,
ACCT0015979,93,
ACCT0015990,1,
ACCT0015994,274,
ACCT0015999,28,
ACCT0016005,336,
ACCT0016014,36,
ACCT0016017,9,
ACCT0016033,48,
ACCT0016045,1,
ACCT0016078,361,
ACCT0016129,7,
ACCT0016132,42,
ACCT0016137,47,
ACCT0016142,36,
ACCT0016241,2,
ACCT0016582,"1,422",
ACCT0016594,17,
ACCT0016605,56,
ACCT0016618,39,
ACCT0016633,18,
ACCT0016664,12,
ACCT0016675,324,
ACCT0016688,1,
ACCT0016692,17,
ACCT0016701,254,
ACCT0016709,130,
ACCT0016716,11,
ACCT0016738,36,
ACCT0016801,146,
ACCT0016808,12,
ACCT0016814,428,
ACCT0016863,7,
ACCT0016874,"1,226",
ACCT0016878,45,
ACCT0016882,352,
ACCT0016894,9,
ACCT0016960,112,
ACCT0016987,23,
ACCT0016998,78,
ACCT0017011,56,
ACCT0017023,91,
ACCT0017030,1,
ACCT0017031,24,
ACCT0017037,18,
ACCT0017042,1,
ACCT0017043,14,
ACCT0017046,165,
ACCT0017072,22,
ACCT0017073,44,
ACCT0017080,322,
ACCT0017090,35,
ACCT0017109,101,
ACCT0017110,3,
ACCT0017113,6,
ACCT0017119,36,
ACCT0017125,341,
ACCT0017134,3,
ACCT0017143,12,
ACCT0017153,9,
ACCT0017159,66,
ACCT0017161,47,
ACCT0017168,7,
ACCT0017183,4,
ACCT0017186,87,
ACCT0017187,194,
ACCT0017188,22,
ACCT0017193,14,
ACCT0017197,5,
ACCT0017205,8,
ACCT0017220,43,
ACCT0017226,17,
ACCT0017232,288,
ACCT0017241,5,
ACCT0017243,12,
ACCT0017246,72,
ACCT0017254,16,
ACCT0017476,3,
ACCT0017486,297,
ACCT0017515,8,
ACCT0017584,31,
ACCT0017715,19,
ACCT0017755,62,
ACCT0017894,27,
ACCT0017899,6,
ACCT0017914,126,
ACCT0017959,314,
ACCT0017985,2,
ACCT0017989,29,
ACCT0018012,38,
ACCT0018016,85,
ACCT0018079,175,
ACCT0018084,221,
ACCT0018148,90,
ACCT0018154,80,
ACCT0018164,123,
ACCT0018177,4,
ACCT0018194,262,
ACCT0018213,544,
ACCT0018221,337,
ACCT0018227,252,
ACCT0018292,116,
ACCT0018366,14,
ACCT0018368,1,
ACCT0018392,373,
ACCT0018410,10,
ACCT0018634,57,
ACCT0018691,16,
ACCT0018736,38,
ACCT0018737,166,
ACCT0018742,1,
ACCT0018771,134,
ACCT0018827,1,
ACCT0018858,47,
ACCT0018880,213,
ACCT0018890,"1,294",
ACCT0018901,318,
ACCT0018920,19,
ACCT0018931,4,
ACCT0018935,19,
ACCT0018936,362,
ACCT0018943,10,
ACCT0018948,10,
ACCT0018949,2,
ACCT0018975,139,
ACCT0018992,75,
ACCT0019003,264,
ACCT0019016,41,
ACCT0019026,1,
ACCT0019043,81,
ACCT0019044,3,
ACCT0019065,217,
ACCT0019083,1,
ACCT0019085,42,
ACCT0019109,55,
ACCT0019114,13,
ACCT0019115,94,
ACCT0019123,63,
ACCT0019134,27,
ACCT0019176,45,
ACCT0019180,42,
ACCT0019181,228,
ACCT0019211,136,
ACCT0019233,11,
ACCT0019238,50,
ACCT0019255,1,
ACCT0019269,31,
ACCT0019275,14,
ACCT0019280,26,
ACCT0019322,77,
ACCT0019324,122,
ACCT0019328,10,
ACCT0019359,80,
ACCT0019444,80,
ACCT0019471,12,
ACCT0019563,22,
ACCT0019574,231,
ACCT0019602,989,
ACCT0019606,10,
ACCT0019608,230,
ACCT0019611,143,
ACCT0019615,2,
ACCT0019638,16,
ACCT0019639,112,
ACCT0019664,16,
ACCT0019713,4,
ACCT0019714,41,
ACCT0019725,37,
ACCT0019733,185,
ACCT0019737,28,
ACCT0019740,22,
ACCT0019780,175,
ACCT0019784,3,
ACCT0019809,54,
ACCT0019827,466,
ACCT0019860,128,
ACCT0019917,223,
ACCT0019929,15,
ACCT0019947,7,
ACCT0019949,164,
ACCT0020043,20,
ACCT0020070,1,
ACCT0020173,160,
ACCT0020186,6,
ACCT0020192,1,
ACCT0020193,6,
ACCT0020219,36,
ACCT0020259,73,
ACCT0020296,93,
ACCT0020303,39,
ACCT0020304,49,
ACCT0020310,32,
ACCT0020345,3,
ACCT0020346,127,
ACCT0020402,322,
ACCT0020442,2,
ACCT0020463,366,
ACCT0020478,1,
ACCT0020482,539,
ACCT0020486,18,
ACCT0020490,6,
ACCT0020500,16,
ACCT0020508,1,
ACCT0020544,57,
ACCT0020588,3,
ACCT0020590,4,
ACCT0020608,10,
ACCT0020612,368,
ACCT0020618,58,
ACCT0020632,8,
ACCT0020649,64,
ACCT0020708,27,
ACCT0020718,125,
ACCT0020719,132,
ACCT0020732,21,
ACCT0020736,1,
ACCT0020745,205,
ACCT0020771,57,
ACCT0020780,59,
ACCT0020782,36,
ACCT0020787,75,
ACCT0020803,27,
ACCT0020827,202,
ACCT0020854,1,
ACCT0020872,3,
ACCT0020891,3,
ACCT0020898,6,
ACCT0020905,104,
ACCT0020913,47,
ACCT0020928,153,
ACCT0020937,497,
ACCT0020945,91,
ACCT0020951,21,
ACCT0020978,1,
ACCT0020991,7,
ACCT0021014,3,
ACCT0021023,15,
ACCT0021026,51,
ACCT0021029,29,
ACCT0021030,19,
ACCT0021031,84,
ACCT0021034,"1,796",
ACCT0021055,66,
ACCT0021058,19,
ACCT0021065,156,
ACCT0021091,16,
ACCT0021116,17,
ACCT0021138,3,
ACCT0021156,57,
ACCT0021176,30,
ACCT0021182,37,
ACCT0021191,505,
ACCT0021203,2,
ACCT0021209,5,
ACCT0021242,5,
ACCT0021283,31,
ACCT0021297,66,
ACCT0021344,21,
ACCT0021346,41,
ACCT0021363,28,
ACCT0021365,67,
ACCT0021372,73,
ACCT0021385,15,
ACCT0021403,106,
ACCT0021404,68,
ACCT0021418,459,
ACCT0021419,71,
ACCT0021420,64,
ACCT0021431,15,
ACCT0021432,86,
ACCT0021434,1,
ACCT0021444,38,
ACCT0021447,88,
ACCT0021464,3,
ACCT0021485,3,
ACCT0021503,7,
ACCT0021594,324,
ACCT0021597,112,
ACCT0021600,3,
ACCT0021621,75,
ACCT0021648,213,
ACCT0021660,290,
ACCT0021670,4,
ACCT0021684,44,
ACCT0021705,372,
ACCT0021716,334,
ACCT0021735,16,
ACCT0021739,77,
ACCT0021740,15,
ACCT0021790,"1,227",
ACCT0021794,13,
ACCT0021810,10,
ACCT0021859,65,
ACCT0021884,128,
ACCT0021941,6,
ACCT0021967,1,
ACCT0021991,53,
ACCT0021997,156,
ACCT0022061,43,
ACCT0022093,17,
ACCT0022123,8,
ACCT0022135,7,
ACCT0022166,9,
ACCT0022179,6,
ACCT0022181,5,
ACCT0022208,8,
ACCT0022223,295,
ACCT0022247,63,
ACCT0022282,109,
ACCT0022301,38,
ACCT0022340,28,
ACCT0022341,1,
ACCT0022359,87,
ACCT0022362,1,
ACCT0022365,97,
ACCT0022386,5,
ACCT0022398,119,
ACCT0022411,1,
ACCT0022441,1,
ACCT0022456,33,
ACCT0022502,55,
ACCT0022504,10,
ACCT0022506,2,
ACCT0022521,66,
ACCT0022522,5,
ACCT0022531,1,
ACCT0022537,16,
ACCT0022560,24,
ACCT0022593,121,
ACCT0022606,10,
ACCT0022617,44,
ACCT0022623,14,
ACCT0022625,32,
ACCT0022629,183,
ACCT0022663,13,
ACCT0022720,3,
ACCT0022729,117,
ACCT0022732,13,
ACCT0022738,880,
ACCT0022739,"2,816",
ACCT0022830,144,
ACCT0022867,94,
ACCT0022893,42,
ACCT0022895,18,
ACCT0022903,46,
ACCT0022917,6,
ACCT0022922,16,
ACCT0022930,279,
ACCT0022934,39,
ACCT0022935,38,
ACCT0022964,27,
ACCT0022992,1,
ACCT0023014,1,
ACCT0023024,127,
ACCT0023028,12,
ACCT0023099,105,
ACCT0023117,96,
ACCT0023145,51,
ACCT0023237,192,
ACCT0023261,14,
ACCT0023280,6,
ACCT0023281,196,
ACCT0023295,14,
ACCT0023340,3,
ACCT0023354,119,
ACCT0023360,9,
ACCT0023362,232,
ACCT0023364,497,
ACCT0023398,442,
ACCT0023402,49,
ACCT0023442,35,
ACCT0023451,25,
ACCT0023490,1,
ACCT0023510,178,
ACCT0023511,5,
ACCT0023513,3,
ACCT0023526,87,
ACCT0023532,3,
ACCT0023560,103,
ACCT0023587,68,
ACCT0023592,53,
ACCT0023646,12,
ACCT0023659,16,
ACCT0023699,7,
ACCT0023711,104,
ACCT0023719,72,
ACCT0023740,44,
ACCT0023750,79,
ACCT0023797,292,
ACCT0023829,3,
ACCT0023849,13,
ACCT0023867,205,
ACCT0023922,325,
ACCT0023925,10,
ACCT0023927,7,
ACCT0023958,10,
ACCT0023995,70,
ACCT0024011,175,
ACCT0024028,26,
ACCT0024034,65,
ACCT0024043,15,
ACCT0024076,5,
ACCT0024129,122,
ACCT0024130,3,
ACCT0024133,9,
ACCT0024135,4,
ACCT0024136,22,
ACCT0024140,2,
ACCT0024157,3,
ACCT0024160,45,
ACCT0024180,14,
ACCT0024181,19,
ACCT0024186,4,
ACCT0024195,155,
ACCT0024238,4,
ACCT0024245,55,
ACCT0024257,12,
ACCT0024271,101,
ACCT0024304,5,
ACCT0024308,28,
ACCT0024311,141,
ACCT0024344,42,
ACCT0024345,282,
ACCT0024355,5,
ACCT0024363,173,
ACCT0024372,49,
ACCT0024376,2,
ACCT0024382,2,
ACCT0024431,25,
ACCT0024470,6,
ACCT0024472,297,
ACCT0024481,3,
ACCT0024547,105,
ACCT0024559,16,
ACCT0024584,35,
ACCT0024588,430,
ACCT0024592,98,
ACCT0024597,5,
ACCT0024600,6,
ACCT0024605,9,
ACCT0024608,1,
ACCT0024640,108,
ACCT0024671,637,
ACCT0024696,9,
ACCT0024742,1,
ACCT0024750,69,
ACCT0024754,27,
ACCT0024764,5,
ACCT0024773,13,
ACCT0024848,173,
ACCT0024874,1,
ACCT0024898,3,
ACCT0024907,35,
ACCT0024921,4,
ACCT0025015,95,
ACCT0025031,26,
ACCT0025058,2,
ACCT0025080,119,
ACCT0025099,1,
ACCT0025100,233,
ACCT0025103,4,
ACCT0025135,98,
ACCT0025146,50,
ACCT0025183,100,
ACCT0025189,282,
ACCT0025192,129,
ACCT0025203,34,
ACCT0025221,1,
ACCT0025224,24,
ACCT0025272,7,
ACCT0025277,98,
ACCT0025295,4,
ACCT0025313,8,
ACCT0025317,135,
ACCT0025334,33,
ACCT0025387,67,
ACCT0025394,330,
ACCT0025417,11,
ACCT0025428,116,
ACCT0025444,"1,875",
ACCT0025525,19,
ACCT0025539,8,
ACCT0025636,16,
ACCT0025640,7,
ACCT0025645,26,
ACCT0025658,109,
ACCT0025671,33,
ACCT0025673,292,
ACCT0025708,138,
ACCT0025745,13,
ACCT0025767,216,
ACCT0025812,63,
ACCT0025817,159,
ACCT0025886,143,
ACCT0025887,834,
ACCT0025911,66,
ACCT0025921,3,
ACCT0025929,60,
ACCT0025941,8,
ACCT0025942,3,
ACCT0025949,155,
ACCT0025961,29,
ACCT0025962,55,
ACCT0026011,2,
ACCT0026027,1,
ACCT0026033,170,
ACCT0026035,14,
ACCT0026049,38,
ACCT0026054,577,
ACCT0026066,9,
ACCT0026076,251,
ACCT0026078,234,
ACCT0026095,14,
ACCT0026099,87,
ACCT0026131,31,
ACCT0026203,3,
ACCT0026230,40,
ACCT0026231,287,
ACCT0026320,16,
ACCT0026338,69,
ACCT0026344,51,
ACCT0026351,185,
ACCT0026353,77,
ACCT0026378,788,
ACCT0026385,160,
ACCT0026402,159,
ACCT0026408,23,
ACCT0026412,15,
ACCT0026423,295,
ACCT0026425,19,
ACCT0026438,4,
ACCT0026449,7,
ACCT0026460,4,
ACCT0026461,20,
ACCT0026474,5,
ACCT0026477,42,
ACCT0026483,129,
ACCT0026485,44,
ACCT0026523,1,
ACCT0026527,176,
ACCT0026531,73,
ACCT0026545,13,
ACCT0026567,28,
ACCT0026573,7,
ACCT0026626,16,
ACCT0026637,6,
ACCT0026643,103,
ACCT0026663,2,
ACCT0026727,32,
ACCT0026735,337,
ACCT0026772,10,
ACCT0026799,5,
ACCT0026810,90,
ACCT0026812,90,
ACCT0026827,194,
ACCT0026889,1,
ACCT0026897,121,
ACCT0026935,2,
ACCT0026936,5,
ACCT0027014,19,
ACCT0027016,1,
ACCT0027079,77,
ACCT0027081,19,
ACCT0027128,133,
ACCT0027357,13,
ACCT0027395,76,
ACCT0027417,13,
ACCT0027458,69,
ACCT0027485,411,
ACCT0027488,7,
ACCT0027495,134,
ACCT0027507,14,
ACCT0027522,14,
ACCT0027537,104,
ACCT0027540,104,
ACCT0027549,91,
ACCT0027557,74,
ACCT0027558,6,
ACCT0027565,110,
ACCT0027577,12,
ACCT0027589,5,
ACCT0027621,239,
ACCT0027631,230,
ACCT0027779,33,
ACCT0027871,428,
ACCT0027882,98,
ACCT0027884,15,
ACCT0028019,25,
ACCT0028236,37,
ACCT0028443,1,
ACCT0028570,16,
ACCT0028757,10,
ACCT0029371,20,
ACCT0030110,15,
ACCT0031055,4,
ACCT0031127,87,
ACCT0031146,16,
ACCT0031149,40,
ACCT0031181,2,
ACCT0031186,447,
ACCT0031191,354,
ACCT0031196,144,
ACCT0031220,87,
ACCT0031239,4,
ACCT0031252,4,
ACCT0031260,7,
ACCT0031271,6,
ACCT0031277,153,
ACCT0031323,7,
ACCT0031374,2,
ACCT0031386,26,
ACCT0031387,112,
ACCT0031398,4,
ACCT0031404,22,
ACCT0031489,37,
ACCT0031601,149,
ACCT0031718,1,
ACCT0031751,49,
ACCT0031771,7,
ACCT0031775,215,
ACCT0031784,9,
ACCT0031806,8,
ACCT0031810,56,
ACCT0031819,121,
ACCT0031823,80,
ACCT0031836,13,
ACCT0031880,261,
ACCT0032548,199,
ACCT0032557,288,
ACCT0032574,24,
ACCT0032584,37,
ACCT0032593,144,
ACCT0032623,189,
ACCT0032625,104,
ACCT0032641,9,
ACCT0032649,98,
ACCT0032678,4,
ACCT0032739,2,
ACCT0032777,3,
ACCT0032784,204,
ACCT0032804,8,
ACCT0032814,58,
ACCT0032828,85,
ACCT0032869,32,
ACCT0032939,11,
ACCT0032941,1,
ACCT0033091,3,
ACCT0033134,154,
ACCT0033139,27,
ACCT0033149,34,
ACCT0033171,63,
ACCT0033181,47,
ACCT0033188,1,
ACCT0033234,6,
ACCT0033260,306,
ACCT0033266,39,
ACCT0033325,45,
ACCT0033326,16,
ACCT0033363,14,
ACCT0033371,25,
ACCT0033385,1,
ACCT0033394,33,
ACCT0033395,87,
ACCT0033469,7,
ACCT0033492,227,
ACCT0033503,458,
ACCT0033511,2,
ACCT0033543,136,
ACCT0033556,37,
ACCT0033568,12,
ACCT0033591,37,
ACCT0033607,10,
ACCT0033611,396,
ACCT0033613,18,
ACCT0033628,131,
ACCT0035706,58,
ACCT0035736,8,
ACCT0035762,97,
ACCT0035770,3,
ACCT0035774,2,
ACCT0035813,183,
ACCT0035843,40,
ACCT0035850,16,
ACCT0035852,11,
ACCT0035880,45,
ACCT0035882,10,
ACCT0035909,138,
ACCT0035924,1,
ACCT0035926,41,
ACCT0035932,4,
ACCT0035937,93,
ACCT0035967,95,
ACCT0037147,2,
ACCT0037153,47,
ACCT0037173,96,
ACCT0037202,101,
ACCT0037210,33,
ACCT0037284,13,
ACCT0037343,1,
ACCT0037348,326,
ACCT0037360,5,
ACCT0037394,7,
ACCT0037417,6,
ACCT0037475,6,
ACCT0037483,47,
ACCT0037586,2,
ACCT0037632,1,
ACCT0037696,6,
ACCT0037714,2,
ACCT0037727,746,
ACCT0037731,74,
ACCT0037750,13,
ACCT0037782,5,
ACCT0037839,27,
ACCT0037932,13,
ACCT0037964,2,
ACCT0037973,51,
ACCT0038021,247,
ACCT0038043,107,
ACCT0038084,72,
ACCT0038098,9,
ACCT0038099,16,
ACCT0038161,1,
ACCT0038180,358,
ACCT0038187,1,
ACCT0038259,7,
ACCT0038262,36,
ACCT0038276,146,
ACCT0038292,5,
ACCT0038301,1,
ACCT0038312,2,
ACCT0038390,115,
ACCT0038400,52,
ACCT0038410,26,
ACCT0038435,4,
ACCT0038440,6,
ACCT0038450,30,
ACCT0038470,14,
ACCT0038475,70,
ACCT0038524,1,
ACCT0038692,45,
ACCT0038722,209,
ACCT0038755,60,
ACCT0038757,12,
ACCT0038816,2,
ACCT0038839,1,
ACCT0038847,3,
ACCT0038859,327,
ACCT0038870,24,
ACCT0038903,2,
ACCT0039440,290,
ACCT0039459,63,
ACCT0039482,2,
ACCT0039537,24,
ACCT0039561,18,
ACCT0039581,26,
ACCT0039591,26,
ACCT0039597,189,
ACCT0039628,15,
ACCT0039651,124,
ACCT0039692,32,
ACCT0039727,621,
ACCT0039729,7,
ACCT0039734,52,
ACCT0039754,31,
ACCT0039766,5,
ACCT0039769,25,
ACCT0039771,3,
ACCT0039775,440,
ACCT0039816,116,
ACCT0039833,16,
ACCT0039895,1,
ACCT0039926,55,
ACCT0039980,806,
ACCT0040009,176,
ACCT0040154,22,
ACCT0040176,14,
ACCT0040178,282,
ACCT0040236,472,
ACCT0040266,15,
ACCT0040275,79,
ACCT0040308,74,
ACCT0040341,7,
ACCT0040354,3,
ACCT0040377,2,
ACCT0040418,10,
ACCT0040426,3,
ACCT0040469,59,
ACCT0040561,15,
ACCT0040622,2,
ACCT0040629,15,
ACCT0040631,67,
ACCT0040691,37,
ACCT0040710,138,
ACCT0044135,19,
ACCT0045722,16,
ACCT0048655,2,
ACCT0048682,21,
ACCT0048683,28,
ACCT0048684,37,
ACCT0048690,43,
ACCT0048699,3,
ACCT0048703,41,
ACCT0048706,41,
ACCT0048707,122,
ACCT0048726,20,
ACCT0048736,17,
ACCT0048762,89,
ACCT0048784,452,
ACCT0048820,10,
ACCT0051663,1,
ACCT0052588,8,
ACCT0053704,1,
ACCT0055457,11,
ACCT0056712,32,
ACCT0057745,229,
ACCT0058669,290,
ACCT0059067,26,
ACCT0059075,287,
ACCT0059273,114,
ACCT0059290,1,
ACCT0059299,201,
ACCT0059399,11,
ACCT0059400,11,
ACCT0059426,549,
ACCT0059448,5,
ACCT0059567,28,
ACCT0059613,417,
ACCT0064053,27,
ACCT0064091,11,
ACCT0064113,1,
ACCT0064143,108,
ACCT0064173,16,
ACCT0064248,224,
ACCT0064317,7,
ACCT0064338,10,
ACCT0064409,8,
ACCT0064429,1,
ACCT0064448,1,
ACCT0064512,13,
ACCT0064534,60,
ACCT0064536,3,
ACCT0064555,6,
ACCT0064589,2,
ACCT0064600,1,
ACCT0064618,173,
ACCT0064647,6,
ACCT0064710,17,
ACCT0064731,11,
ACCT0064743,49,
ACCT0064769,15,
ACCT0064780,14,
ACCT0064813,29,
ACCT0064819,1,
ACCT0064846,170,
ACCT0064851,7,
ACCT0064915,55,
ACCT0065028,136,
ACCT0065032,10,
ACCT0065088,5,
ACCT0065103,3,
ACCT0065112,50,
ACCT0065123,66,
ACCT0065126,210,
ACCT0065212,12,
ACCT0065392,114,
ACCT0065544,36,
ACCT0065573,301,
ACCT0065581,21,
ACCT0065614,56,
ACCT0065616,8,
ACCT0065670,104,
ACCT0065688,33,
ACCT0065707,45,
ACCT0065739,87,
ACCT0065828,14,
ACCT0065841,242,
ACCT0065931,28,
ACCT0065953,1,
ACCT0066144,244,
ACCT0066147,1,
ACCT0066199,7,
ACCT0066211,12,
ACCT0066232,13,
ACCT0066272,8,
ACCT0066408,2,
ACCT0066428,13,
ACCT0066500,38,
ACCT0066508,95,
ACCT0066545,60,
ACCT0066577,1,
ACCT0066637,124,
ACCT0066645,1,
ACCT0066708,80,
ACCT0066818,2,
ACCT0066953,93,
ACCT0067228,9,
ACCT0067235,66,
ACCT0067285,75,
ACCT0067315,60,
ACCT0067323,12,
ACCT0067354,378,
ACCT0067489,232,
ACCT0067519,3,
ACCT0067547,5,
ACCT0067633,73,
ACCT0067672,3,
ACCT0067814,147,
ACCT0068007,149,
ACCT0068017,240,
ACCT0068036,3,
ACCT0068041,168,
ACCT0068250,2,
ACCT0068300,125,
ACCT0068342,15,
ACCT0068371,2,
ACCT0068472,84,
ACCT0068548,1,
ACCT0068645,4,
ACCT0068692,193,
ACCT0068812,1,
ACCT0068874,51,
ACCT0068887,2,
ACCT0069053,50,
ACCT0069106,22,
ACCT0069163,152,
ACCT0069309,43,
ACCT0069424,17,
ACCT0069589,24,
ACCT0069864,7,
ACCT0070307,4,
ACCT0070584,4,
ACCT0070701,100,
ACCT0070740,82,
ACCT0070752,2,
ACCT0070754,18,
ACCT0071070,309,
ACCT0071192,20,
ACCT0071220,27,
ACCT0071400,6,
ACCT0071576,45,
ACCT0071626,22,
ACCT0071725,37,
ACCT0071761,60,
ACCT0071764,8,
ACCT0071809,13,
ACCT0071832,2,
ACCT0072086,4,
ACCT0072192,33,
ACCT0072513,1,
ACCT0072521,101,
ACCT0072557,3,
ACCT0072614,1,
ACCT0072763,60,
ACCT0073039,224,
ACCT0073207,1,
ACCT0073287,382,
ACCT0073701,9,
ACCT0074591,7,
ACCT0074817,74,
ACCT0074820,58,
ACCT0074944,7,
ACCT0075005,3,
ACCT0075261,5,
ACCT0075848,38,
ACCT0075902,33,
ACCT0076085,3,
ACCT0076092,3,
ACCT0076345,14,
ACCT0076366,3,
ACCT0077830,77,
ACCT0078498,1,
ACCT0079408,29,
ACCT0080144,1,
,,
,,
,,
,,
,,
,,
,,
,,
,,
,,
,,
,,
,,
,,
,,
,,
,,
,,
,,
,,
,,
,,
,,
,,
,,
,,
,,
,,
,,
,,
,,
,,
,,
,,
,,
,,
,,
,,
,,
,,
,,
,,
,,
,,
,,
,,
,,
,,
,,
,,
,,
,,
,,
,,
,,
,,
,,
,,
,,
,,
,,
,,
,,
,,
,,
,,
,,
,,
,,
,,
,,
,,
,,
,,
,,
,,
,,
,,
,,
,,
,,
,,
,,
,,
,,
,,
,,
,,
,,
,,
,,
,,
,,
,,
,,
,,
,,
,,
,,
,,
,,
,,
,,
,,
,,
,,
,,
,,
,,
,,
,,
,,
,,
,,
,,
,,
,,
,,
,,
,,
,,
,,
,,
,,
,,
,,
,,
,,
,,
,,
,,
,,
,,
,,
,,
,,
,,
,,
,,
,,
,,
,,
,,
,,
,,
,,
,,
,,
,,
,,
,,
,,
,,
,,
,,
,,
,,
,,
,,
,,
,,
,,
,,
,,
,,
,,
,,
,,
,,
,,
,,
,,
,,
,,
,,
,,
,,
,,
,,
,,
,,
,,
,,
,,
,,
,,
,,
,,
,,
,,
,,
,,
,,
,,
,,
,,
,,
,,
,,
,,
,,
,,
,,
,,
,,
,,
,,
,,
,,
,,
,,
,,
,,
,,
,,
,,
,,
,,
,,
,,
,,
,,
,,
,,
,,
,,
,,
,,
,,
,,
,,
,,
,,
,,
,,
,,
,,
,,
,,
,,
,,
,,
,,
,,
,,
,,
,,
,,
,,
,,
,,
,,
,,
,,
,,
,,
,,
,,
,,
,,
,,
,,
,,
,,
,,
,,
,,
,,
,,
,,
,,
,,
,,
,,
,,
,,
,,
,,
,,
,,
,,
,,
,,
,,
,,
,,
,,
,,
,,
,,
,,
,,
,,
,,
,,
,,
,,
,,
,,
,,
,,
,,
,,
,,
,,
,,
,,
,,
,,
,,
,,
,,
,,
,,
,,
,,
,,
,,
,,
,,
,,
,,
,,
,,
,,
,,
,,
,,
,,
,,
,,
,,
,,
,,
,,
,,
,,
,,
,,
,,
,,
,,
,,
,,
,,
,,
,,
,,
,,
,,
,,
,,
,,
,,
,,
,,
,,
,,
,,
,,
,,
,,
,,
,,
,,
,,
,,
,,
,,
,,
,,
,,
,,
,,
,,
,,
,,
,,
,,
,,
,,
,,
,,
,,
,,
,,
,,
,,
,,
,,
,,
,,
,,
,,
,,
,,
,,
,,
,,
,,
,,
,,
,,
,,
,,
,,
,,
,,
,,
,,
,,
,,
,,
,,
,,
,,
,,
,,
,,
,,
,,
,,
,,
,,
,,
,,
,,
,,
,,
,,
,,
,,
,,
,,
,,
,,
,,
,,
,,
,,
,,
,,
,,
,,
,,
,,
,,
,,
,,
,,
,,
,,
,,
,,
,,
,,
,,
,,
,,
,,
,,
,,
,,
,,
,,
,,
,,
,,
,,
,,
,,
,,
,,
,,
,,
,,
,,
,,
,,
,,
,,
,,
,,
,,
,,
,,
,,
,,
,,
,,
,,
,,
,,
,,
,,
,,
,,
,,
,,
,,
,,
,,
,,
,,
,,
,,
,,
,,
,,
,,
,,
,,
,,
,,
,,
,,
,,
,,
,,
,,
,,
,,
,,
,,
,,
,,
,,
,,
,,
,,
,,
,,
,,
,,
,,
,,
,,
,,
,,
,,
,,
,,
,,
,,
,,
,,
,,
,,
,,
,,
,,
,,
,,
,,
,,
,,
,,
,,
,,
,,
,,
,,
,,
,,
,,
,,
,,
,,
,,
,,
,,
,,
,,
,,
,,
,,
,,
,,
,,
,,
,,
,,
,,
,,
,,
,,
,,
,,
,,
,,
,,
,,
,,
,,
,,
,,
,,
,,
,,
,,
,,
,,
,,
,,
,,
,,
,,
,,
,,
,,
,,
,,
,,
,,
,,
,,
,,
,,
,,
,,
,,
,,
,,
,,
,,
,,
,,
,,
,,
,,
,,
,,
,,
,,
,,
,,
,,
,,
,,
,,
,,
,,
,,
,,
,,
,,
,,
,,
,,
,,
,,
,,
,,
,,
,,
,,
,,
,,
,,
,,
,,
,,
,,
,,
,,
,,
,,
,,
,,
,,
,,
,,
,,
,,
,,
,,
,,
,,
,,
,,
,,
,,
,,
,,
,,
,,
,,
,,
,,
,,
,,
,,
,,
,,
,,
,,
,,
,,
,,
,,
,,
,,
,,
,,
,,
,,
,,
,,
,,
,,
,,
,,
,,
,,
,,
,,
,,
,,
,,
,,
,,
,,
,,
,,
,,
,,
,,
,,
,,
,,
,,
,,
,,
,,
,,
,,
,,
,,
,,
,,
,,
,,
,,
,,
,,
,,
,,
,,
,,
,,
,,
,,
,,
,,
,,
,,
,,
,,
,,
,,
,,
,,
,,
,,
,,
,,
,,
,,
,,
,,
,,
,,
,,
,,
,,
,,
,,
,,
,,
,,
,,
,,
,,
,,
,,
,,
,,
,,
,,
,,
,,
,,
,,
,,
,,
,,
,,
,,
,,
,,
,,
,,
,,
,,
,,
,,
,,
,,
,,
,,
,,
,,
,,
,,
,,
,,
,,
,,
,,
,,
,,
,,
,,
,,
,,
,,
,,
,,
,,
,,
,,
,,
,,
,,
,,
,,
,,
,,
,,
,,
,,
,,
,,
,,
,,
,,
,,
,,
,,
,,
,,
,,
,,
,,
,,
,,
,,
,,
,,
,,
,,
,,
,,
,,
,,
,,
,,
,,
,,
,,
,,
,,
,,
,,
,,
,,
,,
,,
,,
,,
,,
,,
,,
,,
,,
,,
,,
,,
,,
,,
,,
,,
,,
,,
,,
,,
,,
,,
,,
,,
,,
,,
,,
,,
,,
,,
,,
,,
,,
,,
,,
,,
,,
,,
,,
,,
,,
,,
,,
,,
,,
,,
,,
,,
,,
,,
,,
,,
,,
,,
,,
,,
,,
,,
,,
,,
,,
,,
,,
,,
,,
,,
,,
,,
,,
,,
,,
,,
,,
,,
,,
,,
,,
,,
,,
,,
,,
,,
,,
,,
,,
,,
,,
,,
,,
,,
,,
,,
,,
,,
,,
,,
,,
,,
,,
,,
,,
,,
,,
,,
,,
,,
,,
,,
,,
,,
,,
,,
,,
,,
,,
,,
,,
,,
,,
,,
,,
,,
,,
,,
,,
,,
,,
,,
,,
,,
,,
,,
,,
,,
,,
,,
,,
,,
,,
,,
,,
,,
,,
,,
,,
,,
,,
,,
,,
,,
,,
,,
,,
,,
,,
,,
,,
,,
,,
,,
,,
,,
,,
,,
,,
,,
,,
,,
,,
,,
,,
,,
,,
,,
,,
,,
,,
,,
,,
,,
,,
,,
,,
,,
,,
,,
,,
,,
,,
,,
,,
,,
,,
,,
,,
,,
,,
,,
,,
,,
,,
,,
,,
,,
,,
,,
,,
,,
,,
,,
,,
,,
,,
,,
,,
,,
,,
,,
,,
,,
,,
,,
,,
,,
,,
,,
,,
,,
,,
,,
,,
,,
,,
,,
,,
,,
,,
,,
,,
,,
,,
,,
,,
,,
,,
,,
,,
,,
,,
,,
,,
,,
,,
,,
,,
,,
,,
,,
,,
,,
,,
,,
,,
,,
,,
,,
,,
,,
,,
,,
,,
,,
,,
,,
,,
,,
,,
,,
,,
,,
,,
,,
,,
,,
,,
,,
,,
,,
,,
,,
,,
,,
,,
,,
,,
,,
,,
,,
,,
,,
,,
,,
,,
,,
,,
,,
,,
,,
,,
,,
,,
,,
,,
,,
,,
,,
,,
,,
,,
,,
,,
,,
,,
,,
,,
,,
,,
,,
,,
,,
,,
,,
,,
,,
,,
,,
,,
,,
,,
,,
,,
,,
,,
,,
,,
,,
,,
,,
,,
,,
,,
,,
,,
,,
,,
,,
,,
,,
,,
,,
,,
,,
,,
,,
,,
,,
,,
,,
,,
,,
,,
,,
,,
,,
,,
,,
,,
,,
,,
,,
,,
,,
,,
,,
,,
,,
,,
,,
,,
,,
,,
,,
,,
,,
,,
,,
,,
,,
,,
,,
,,
,,
,,
,,
,,
,,
,,
,,
,,
,,
,,
,,
,,
,,
,,
,,
,,
,,
,,
,,
,,
,,
,,
,,
,,
,,
,,
,,
,,
,,
,,
,,
,,
,,
,,
,,
,,
,,
,,
,,
,,
,,
,,
,,
,,
,,
,,
,,
,,
,,
,,
,,
,,
,,
,,
,,
,,
,,
,,
,,
,,
,,
,,
,,
,,
,,
,,
,,
,,
,,
,,
,,
,,
,,
,,
,,
,,
,,
,,
,,
,,
,,
,,
,,
,,
,,
,,
,,
,,
,,
,,
,,
,,
,,
,,
,,
,,
,,
,,
,,
,,
,,
,,
,,
,,
,,
,,
,,
,,
,,
,,
,,
,,
,,
,,
,,
,,
,,
,,
,,
,,
,,
,,
,,
,,
,,
,,
,,
,,
,,
,,
,,
,,
,,
,,
,,
,,
,,
,,
,,
,,
,,
,,
,,
,,
,,
,,
,,
,,
,,
,,
,,
,,
,,
,,
,,
,,
,,
,,
,,
,,
,,
,,
,,
,,
,,
,,
,,
,,
,,
,,
,,
,,
,,
,,
,,
,,
,,
,,
,,
,,
,,
,,
,,
,,
,,
,,
,,
,,
,,
,,
,,
,,
,,
,,
,,
,,
,,
,,
,,
,,
,,
,,
,,
,,
,,
,,
,,
,,
,,
,,
,,
,,
,,
,,
,,
,,
,,
,,
,,
,,
,,
,,
,,
,,
,,
,,
,,
,,
,,
,,
,,
,,
,,
,,
,,
,,
,,
,,
,,
,,
,,
,,
,,
,,
,,
,,
,,
,,
,,
,,
,,
,,
,,
,,
,,
,,
,,
,,
,,
,,
,,
,,
,,
,,
,,
,,
,,
,,
,,
,,
,,
,,
,,
,,
,,
,,
,,
,,
,,
,,
,,
,,
,,
,,
,,
,,
,,
,,
,,
,,
,,
,,
,,
,,
,,
,,
,,
,,
,,
,,
,,
,,
,,
,,
,,
,,
,,
,,
,,
,,
,,
,,
,,
,,
,,
,,
,,
,,
,,
,,
,,
,,
,,
,,
,,
,,
,,
,,
,,
,,
,,
,,
,,
,,
,,
,,
,,
,,
,,
,,
,,
,,
,,
,,
,,
,,
,,
,,
,,
,,
,,
,,
,,
,,
,,
,,
,,
,,
,,
,,
,,
,,
,,
,,
,,
,,
,,
,,
,,
,,
,,
,,
,,
,,
,,
,,
,,
,,
,,
,,
,,
,,
,,
,,
,,
,,
,,
,,
,,
,,
,,
,,
,,
,,
,,
,,
,,
,,
,,
,,
,,
,,
,,
,,
,,
,,
,,
,,
,,
,,
,,
,,
,,
,,
,,
,,
,,
,,
,,
,,
,,
,,
,,
,,
,,
,,
,,
,,
,,
,,
,,
,,
,,
,,
,,
,,
,,
,,
,,
,,
,,
,,
,,
,,
,,
,,
,,
,,
,,
,,
,,
,,
,,
,,
,,
,,
,,
,,
,,
,,
,,
,,
,,
,,
,,
,,
,,
,,
,,
,,
,,
,,
,,
,,
,,
,,
,,
,,
,,
,,
,,
,,
,,
,,
,,
,,
,,
,,
,,
,,
,,
,,
,,
,,
,,
,,
,,
,,
,,
,,
,,
,,
,,
,,
,,
,,
,,
,,
,,
,,
,,
,,
,,
,,
,,
,,
,,
,,
,,
,,
,,
,,
,,
,,
,,
,,
,,
,,
,,
,,
,,
,,
,,
,,
,,
,,
,,
,,
,,
,,
,,
,,
,,
,,
,,
,,
,,
,,
,,
,,
,,
,,
,,
,,
,,
,,
,,
,,
,,
,,
,,
,,
,,
,,
,,
,,
,,
,,
,,
,,
,,
,,
,,
,,
,,
,,
,,
,,
,,
,,
,,
,,
,,
,,
,,
,,
,,
,,
,,
,,
,,
,,
,,
,,
,,
,,
,,
,,
,,
,,
,,
,,
,,
,,
,,
,,
,,
,,
,,
,,
,,
,,
,,
,,
,,
,,
,,
,,
,,
,,
,,
,,
,,
,,
,,
,,
,,
,,
,,
,,
,,
,,
,,
,,
,,
,,
,,
,,
,,
,,
,,
,,
,,
,,
,,
,,
,,
,,
,,
,,
,,
,,
,,
,,
,,
,,
,,
,,
,,
,,
,,
,,
,,
,,
,,
,,
,,
,,
,,
,,
,,
,,
,,
,,
,,
,,
,,
,,
,,
,,
,,
,,
,,
,,
,,
,,
,,
,,
,,
,,
,,
,,
,,
,,
,,
,,
,,
,,
,,
,,
,,
,,
,,
,,
,,
,,
,,
,,
,,
,,
,,
,,
,,
,,
,,
,,
,,
,,
,,
,,
,,
,,
,,
,,
,,
,,
,,
,,
,,
,,
,,
,,
,,
,,
,,
,,
,,
,,
,,
,,
,,
,,
,,
,,
,,
,,
,,
,,
,,
,,
,,
,,
,,
,,
,,
,,
,,
,,
,,
,,
,,
,,
,,
,,
,,
,,
,,
,,
,,
,,
,,
,,
,,
,,
,,
,,
,,
,,
,,
,,
,,
,,
,,
,,
,,
,,
,,
,,
,,
,,
,,
,,
,,
,,
,,
,,
,,
,,
,,
,,
,,
,,
,,
,,
,,
,,
,,
,,
,,
,,
,,
,,
,,
,,
,,
,,
,,
,,
,,
,,
,,
,,
,,
,,
,,
,,
,,
,,
,,
,,
,,
,,
,,
,,
,,
,,
,,
,,
,,
,,
,,
,,
,,
,,
,,
,,
,,
,,
,,
,,
,,
,,
,,
,,
,,
,,
,,
,,
,,
,,
,,
,,
,,
,,
,,
,,
,,
,,
,,
,,
,,
,,
,,
,,
,,
,,
,,
,,
,,
,,
,,
,,
,,
,,
,,
,,
,,
,,
,,
,,
,,
,,
,,
,,
,,
,,
,,
,,
,,
,,
,,
,,
,,
,,
,,
,,
,,
,,
,,
,,
,,
,,
,,
,,
,,
,,
,,
,,
,,
,,
,,
,,
,,
,,
,,
,,
,,
,,
,,
,,
,,
,,
,,
,,
,,
,,
,,
,,
,,
,,
,,
,,
,,
,,
,,
,,
,,
,,
,,
,,
,,
,,
,,
,,
,,
,,
,,
,,
,,
,,
,,
,,
,,
,,
,,
,,
,,
,,
,,
,,
,,
,,
,,
,,
,,
,,
,,
,,
,,
,,
,,
,,
,,
,,
,,
,,
,,
,,
,,
,,
,,
,,
,,
,,
,,
,,
,,
,,
,,
,,
,,
,,
,,
,,
,,
,,
,,
,,
,,
,,
,,
,,
,,
,,
,,
,,
,,
,,
,,
,,
,,
,,
,,
,,
,,
,,
,,
,,
,,
,,
,,
,,
,,
,,
,,
,,
,,
,,
,,
,,
,,
,,
,,
,,
,,
,,
,,
,,
,,
,,
,,
,,
,,
,,
,,
,,
,,
,,
,,
,,
,,
,,
,,
,,
,,
,,
,,
,,
,,
,,
,,
,,
,,
,,
,,
,,
,,
,,
,,
,,
,,
,,
,,
,,
,,
,,
,,
,,
,,
,,
,,
,,
,,
,,
,,
,,
,,
,,
,,
,,
,,
,,
,,
,,
,,
,,
,,
,,
,,
,,
,,
,,
,,
,,
,,
,,
,,
,,
,,
,,
,,
,,
,,
,,
,,
,,
,,
,,
,,
,,
,,
,,
,,
,,
,,
,,
,,
,,
,,
,,
,,
,,
,,
,,
,,
,,
,,
,,
,,
,,
,,
,,
,,
,,
,,
,,
,,
,,
,,
,,
,,
,,
,,
,,
,,
,,
,,
,,
,,
,,
,,
,,
,,
,,
,,
,,
,,
,,
,,
,,
,,
,,
,,
,,
,,
,,
,,
,,
,,
,,
,,
,,
,,
,,
,,
,,
,,
,,
,,
,,
,,
,,
,,
,,
,,
,,
,,
,,
,,
,,
,,
,,
,,
,,
,,
,,
,,
,,
,,
,,
,,
,,
,,
,,
,,
,,
,,
,,
,,
,,
,,
,,
,,
,,
,,
,,
,,
,,
,,
,,
,,
,,
,,
,,
,,
,,
,,
,,
,,
,,
,,
,,
,,
,,
,,
,,
,,
,,
,,
,,
,,
,,
,,
,,
,,
,,
,,
,,
,,
,,
,,
,,
,,
,,
,,
,,
,,
,,
,,
,,
,,
,,
,,
,,
,,
,,
,,
,,
,,
,,
,,
,,
,,
,,
,,
,,
,,
,,
,,
,,
,,
,,
,,
,,
,,
,,
,,
,,
,,
,,
,,
,,
,,
,,
,,
,,
,,
,,
,,
,,
,,
,,
,,
,,
,,
,,
,,
,,
,,
,,
,,
,,
,,
,,
,,
,,
,,
,,
,,
,,
,,
,,
,,
,,
,,
,,
,,
,,
,,
,,
,,
,,
,,
,,
,,
,,
,,
,,
,,
,,
,,
,,
,,
,,
,,
,,
,,
,,
,,
,,
,,
,,
,,
,,
,,
,,
,,
,,
,,
,,
,,
,,
,,
,,
,,
,,
,,
,,
,,
,,
,,
,,
,,
,,
,,
,,
,,
,,
,,
,,
,,
,,
,,
,,
,,
,,
,,
,,
,,
,,
,,
,,
,,
,,
,,
,,
,,
,,
,,
,,
,,
,,
,,
,,
,,
,,
,,
,,
,,
,,
,,
,,
,,
,,
,,
,,
,,
,,
,,
,,
,,
,,
,,
,,
,,
,,
,,
,,
,,
,,
,,
,,
,,
,,
,,
,,
,,
,,
,,
,,
,,
,,
,,
,,
,,
,,
,,
,,
,,
,,
,,
,,
,,
,,
,,
,,
,,
,,
,,
,,
,,
,,
,,
,,
,,
,,
,,
,,
,,
,,
,,
,,
,,
,,
,,
,,
,,
,,
,,
,,
,,
,,
,,
,,
,,
,,
,,
,,
,,
,,
,,
,,
,,
,,
,,
,,
,,
,,
,,
,,
,,
,,
,,
,,
,,
,,
,,
,,
,,
,,
,,
,,
,,
,,
,,
,,
,,
,,
,,
,,
,,
,,
,,
,,
,,
,,
,,
,,
,,
,,
,,
,,
,,
,,
,,
,,
,,
,,
,,
,,
,,
,,
,,
,,
,,
,,
,,
,,
,,
,,
,,
,,
,,
,,
,,
,,
,,
,,
,,
,,
,,
,,
,,
,,
,,
,,
,,
,,
,,
,,
,,
,,
,,
,,
,,
,,
,,
,,
,,
,,
,,
,,
,,
,,
,,
,,
,,
,,
,,
,,
,,
,,
,,
,,
,,
,,
,,
,,
,,
,,
,,
,,
,,
,,
,,
,,
,,
,,
,,
,,
,,
,,
,,
,,
,,
,,
,,
,,
,,
,,
,,
,,
,,
,,
,,
,,
,,
,,
,,
,,
,,
,,
,,
,,
,,
,,
,,
,,
,,
,,
,,
,,
,,
,,
,,
,,
,,
,,
,,
,,
,,
,,
,,
,,
,,
,,
,,
,,
,,
,,
,,
,,
,,
,,
,,
,,
,,
,,
,,
,,
,,
,,
,,
,,
,,
,,
,,
,,
,,
,,
,,
,,
,,
,,
,,
,,
,,
,,
,,
,,
,,
,,
,,
,,
,,
,,
,,
,,
,,
,,
,,
,,
,,
,,
,,
,,
,,
,,
,,
,,
,,
,,
,,
,,
,,
,,
,,
,,
,,
,,
,,
,,
,,
,,
,,
,,
,,
,,
,,
,,
,,
,,
,,
,,
,,
,,
,,
,,
,,
,,
,,
,,
,,
,,
,,
,,
,,
,,
,,
,,
,,
,,
,,
,,
,,
,,
,,
,,
,,
,,
,,
,,
,,
,,
,,
,,
,,
,,
,,
,,
,,
,,
,,
,,
,,
,,
,,
,,
,,
,,
,,
,,
,,
,,
,,
,,
,,
,,
,,
,,
,,
,,
,,
,,
,,
,,
,,
,,
,,
,,
,,
,,
,,
,,
,,
,,
,,
,,
,,
,,
,,
,,
,,
,,
,,
,,
,,
,,
,,
,,
,,
,,
,,
,,
,,
,,
,,
,,
,,
,,
,,
,,
,,
,,
,,
,,
,,
,,
,,
,,
,,
,,
,,
,,
,,
,,
,,
,,
,,
,,
,,
,,
,,
,,
,,
,,
,,
,,
,,
,,
,,
,,
,,
,,
,,
,,
,,
,,
,,
,,
,,
,,
,,
,,
,,
,,
,,
,,
,,
,,
,,
,,
,,
,,
,,
,,
,,
,,
,,
,,
,,
,,
,,
,,
,,
,,
,,
,,
,,
,,
,,
,,
,,
,,
,,
,,
,,
,,
,,
,,
,,
,,
,,
,,
,,
,,
,,
,,
,,
,,
,,
,,
,,
,,
,,
,,
,,
,,
,,
,,
,,
,,
,,
,,
,,
,,
,,
,,
,,
,,
,,
,,
,,
,,
,,
,,
,,
,,
,,
,,
,,
,,
,,
,,
,,
,,
,,
,,
,,
,,
,,
,,
,,
,,
,,
,,
,,
,,
,,
,,
,,
,,
,,
,,
,,
,,
,,
,,
,,
,,
,,
,,
,,
,,
,,
,,
,,
,,
,,
,,
,,
,,
,,
,,
,,
,,
,,
,,
,,
,,
,,
,,
,,
,,
,,
,,
,,
,,
,,
,,
,,
,,
,,
,,
,,
,,
,,
,,
,,
,,
,,
,,
,,
,,
,,
,,
,,
,,
,,
,,
,,
,,
,,
,,
,,
,,
,,
,,
,,
,,
,,
,,
,,
,,
,,
,,
,,
,,
,,
,,
,,
,,
,,
,,
,,
,,
,,
,,
,,
,,
,,
,,
,,
,,
,,
,,
,,
,,
,,
,,
,,
,,
,,
,,
,,
,,
,,
,,
,,
,,
,,
,,
,,
,,
,,
,,
,,
,,
,,
,,
,,
,,
,,
,,
,,
,,
,,
,,
,,
,,
,,
,,
,,
,,
,,
,,
,,
,,
,,
,,
,,
,,
,,
,,
,,
,,
,,
,,
,,
,,
,,
,,
,,
,,
,,
,,
,,
,,
,,
,,
,,
,,
,,
,,
,,
,,
,,
,,
,,
,,
,,
,,
,,
,,
,,
,,
,,
,,
,,
,,
,,
,,
,,
,,
,,
,,
,,
,,
,,
,,
,,
,,
,,
,,
,,
,,
,,
,,
,,
,,
,,
,,
,,
,,
,,
,,
,,
,,
,,
,,
,,
,,
,,
,,
,,
,,
,,
,,
,,
,,
,,
,,
,,
,,
,,
,,
,,
,,
,,
,,
,,
,,
,,
,,
,,
,,
,,
,,
,,
,,
,,
,,
,,
,,
,,
,,
,,
,,
,,
,,
,,
,,
,,
,,
,,
,,
,,
,,
,,
,,
,,
,,
,,
,,
,,
,,
,,
,,
,,
,,
,,
,,
,,
,,
,,
,,
,,
,,
,,
,,
,,
,,
,,
,,
,,
,,
,,
,,
,,
,,
,,
,,
,,
,,
,,
,,
,,
,,
,,
,,
,,
,,
,,
,,
,,
,,
,,
,,
,,
,,
,,
,,
,,
,,
,,
,,
,,
,,
,,
,,
,,
,,
,,
,,
,,
,,
,,
,,
,,
,,
,,
,,
,,
,,
,,
,,
,,
,,
,,
,,
,,
,,
,,
,,
,,
,,
,,
,,
,,
,,
,,
,,
,,
,,
,,
,,
,,
,,
,,
,,
,,
,,
,,
,,
,,
,,
,,
,,
,,
,,
,,
,,
,,
,,
,,
,,
,,
,,
,,
,,
,,
,,
,,
,,
,,
,,
,,
,,
,,
,,
,,
,,
,,
,,
,,
,,
,,
,,
,,
,,
,,
,,
,,
,,
,,
,,
,,
,,
,,
,,
,,
,,
,,
,,
,,
,,
,,
,,
,,
,,
,,
,,
,,
,,
,,
,,
,,
,,
,,
,,
,,
,,
,,
,,
,,
,,
,,
,,
,,
,,
,,
,,
,,
,,
,,
,,
,,
,,
,,
,,
,,
,,
,,
,,
,,
,,
,,
,,
,,
,,
,,
,,
,,
,,
,,
,,
,,
,,
,,
,,
,,
,,
,,
,,
,,
,,
,,
,,
,,
,,
,,
,,
,,
,,
,,
,,
,,
,,
,,
,,
,,
,,
,,
,,
,,
,,
,,
,,
,,
,,
,,
,,
,,
,,
,,
,,
,,
,,
,,
,,
,,
,,
,,
,,
,,
,,
,,
,,
,,
,,
,,
,,
,,
,,
,,
,,
,,
,,
,,
,,
,,
,,
,,
,,
,,
,,
,,
,,
,,
,,
,,
,,
,,
,,
,,
,,
,,
,,
,,
,,
,,
,,
,,
,,
,,
,,
,,
,,
,,
,,
,,
,,
,,
,,
,,
,,
,,
,,
,,
,,
,,
,,
,,
,,
,,
,,
,,
,,
,,
,,
,,
,,
,,
,,
,,
,,
,,
,,
,,
,,
,,
,,
,,
,,
,,
,,
,,
,,
,,
,,
,,
,,
,,
,,
,,
,,
,,
,,
,,
,,
,,
,,
,,
,,
,,
,,
,,
,,
,,
,,
,,
,,
,,
,,
,,
,,
,,
,,
,,
,,
,,
,,
,,
,,
,,
,,
,,
,,
,,
,,
,,
,,
,,
,,
,,
,,
,,
,,
,,
,,
,,
,,
,,
,,
,,
,,
,,
,,
,,
,,
,,
,,
,,
,,
,,
,,
,,
,,
,,
,,
,,
,,
,,
,,
,,
,,
,,
,,
,,
,,
,,
,,
,,
,,
,,
,,
,,
,,
,,
,,
,,
,,
,,
,,
,,
,,
,,
,,
,,
,,
,,
,,
,,
,,
,,
,,
,,
,,
,,
,,
,,
,,
,,
,,
,,
,,
,,
,,
,,
,,
,,
,,
,,
,,
,,
,,
,,
,,
,,
,,
,,
,,
,,
,,
,,
,,
,,
,,
,,
,,
,,
,,
,,
,,
,,
,,
,,
,,
,,
,,
,,
,,
,,
,,
,,
,,
,,
,,
,,
,,
,,
,,
,,
,,
,,
,,
,,
,,
,,
,,
,,
,,
,,
,,
,,
,,
,,
,,
,,
,,
,,
,,
,,
,,
,,
,,
,,
,,
,,
,,
,,
,,
,,
,,
,,
,,
,,
,,
,,
,,
,,
,,
,,
,,
,,
,,
,,
,,
,,
,,
,,
,,
,,
,,
,,
,,
,,
,,
,,
,,
,,
,,
,,
,,
,,
,,
,,
,,
,,
,,
,,
,,
,,
,,
,,
,,
,,
,,
,,
,,
,,
,,
,,
,,
,,
,,
,,
,,
,,
,,
,,
,,
,,
,,
,,
,,
,,
,,
,,
,,
,,
,,
,,
,,
,,
,,
,,
,,
,,
,,
,,
,,
,,
,,
,,
,,
,,
,,
,,
,,
,,
,,
,,
,,
,,
,,
,,
,,
,,
,,
,,
,,
,,
,,
,,
,,
,,
,,
,,
,,
,,
,,
,,
,,
,,
,,
,,
,,
,,
,,
,,
,,
,,
,,
,,
,,
,,
,,
,,
,,
,,
,,
,,
,,
,,
,,
,,
,,
,,
,,
,,
,,
,,
,,
,,
,,
,,
,,
,,
,,
,,
,,
,,
,,
,,
,,
,,
,,
,,
,,
,,
,,
,,
,,
,,
,,
,,
,,
,,
,,
,,
,,
,,
,,
,,
,,
,,
,,
,,
,,
,,
,,
,,
,,
,,
,,
,,
,,
,,
,,
,,
,,
,,
,,
,,
,,
,,
,,
,,
,,
,,
,,
,,
,,
,,
,,
,,
,,
,,
,,
,,
,,
,,
,,
,,
,,
,,
,,
,,
,,
,,
,,
,,
,,
,,
,,
,,
,,
,,
,,
,,
,,
,,
,,
,,
,,
,,
,,
,,
,,
,,
,,
,,
,,
,,
,,
,,
,,
,,
,,
,,
,,
,,
,,
,,
,,
,,
,,
,,
,,
,,
,,
,,
,,
,,
,,
,,
,,
,,
,,
,,
,,
,,
,,
,,
,,
,,
,,
,,
,,
,,
,,
,,
,,
,,
,,
,,
,,
,,
,,
,,
,,
,,
,,
,,
,,
,,
,,
,,
,,
,,
,,
,,
,,
,,
,,
,,
,,
,,
,,
,,
,,
,,
,,
,,
,,
,,
,,
,,
,,
,,
,,
,,
,,
,,
,,
,,
,,
,,
,,
,,
,,
,,
,,
,,
,,
,,
,,
,,
,,
,,
,,
,,
,,
,,
,,
,,
,,
,,
,,
,,
,,
,,
,,
,,
,,
,,
,,
,,
,,
,,
,,
,,
,,
,,
,,
,,
,,
,,
,,
,,
,,
,,
,,
,,
,,
,,
,,
,,
,,
,,
,,
,,
,,
,,
,,
,,
,,
,,
,,
,,
,,
,,
,,
,,
,,
,,
,,
,,
,,
,,
,,
,,
,,
,,
,,
,,
,,
,,
,,
,,
,,
,,
,,
,,
,,
,,
,,
,,
,,
,,
,,
,,
,,
,,
,,
,,
,,
,,
,,
,,
,,
,,
,,
,,
,,
,,
,,
,,
,,
,,
,,
,,
,,
,,
,,
,,
,,
,,
,,
,,
,,
,,
,,
,,
,,
,,
,,
,,
,,
,,
,,
,,
,,
,,
,,
,,
,,
,,
,,
,,
,,
,,
,,
,,
,,
,,
,,
,,
,,
,,
,,
,,
,,
,,
,,
,,
,,
,,
,,
,,
,,
,,
,,
,,
,,
,,
,,
,,
,,
,,
,,
,,
,,
,,
,,
,,
,,
,,
,,
,,
,,
,,
,,
,,
,,
,,
,,
,,
,,
,,
,,
,,
,,
,,
,,
,,
,,
,,
,,
,,
,,
,,
,,
,,
,,
,,
,,
,,
,,
,,
,,
,,
,,
,,
,,
,,
,,
,,
,,
,,
,,
,,
,,
,,
,,
,,
,,
,,
,,
,,
,,
,,
,,
,,
,,
,,
,,
,,
,,
,,
,,
,,
,,
,,
,,
,,
,,
,,
,,
,,
,,
,,
,,
,,
,,
,,
,,
,,
,,
,,
,,
,,
,,
,,
,,
,,
,,
,,
,,
,,
,,
,,
,,
,,
,,
,,
,,
,,
,,
,,
,,
,,
,,
,,
,,
,,
,,
,,
,,
,,
,,
,,
,,
,,
,,
,,
,,
,,
,,
,,
,,
,,
,,
,,
,,
,,
,,
,,
,,
,,
,,
,,
,,
,,
,,
,,
,,
,,
,,
,,
,,
,,
,,
,,
,,
,,
,,
,,
,,
,,
,,
,,
,,
,,
,,
,,
,,
,,
,,
,,
,,
,,
,,
,,
,,
,,
,,
,,
,,
,,
,,
,,
,,
,,
,,
,,
,,
,,
,,
,,
,,
,,
,,
,,
,,
,,
,,
,,
,,
,,
,,
,,
,,
,,
,,
,,
,,
,,
,,
,,
,,
,,
,,
,,
,,
,,
,,
,,
,,
,,
,,
,,
,,
,,
,,
,,
,,
,,
,,
,,
,,
,,
,,
,,
,,
,,
,,
,,
,,
,,
,,
,,
,,
,,
,,
,,
,,
,,
,,
,,
,,
,,
,,
,,
,,
,,
,,
,,
,,
,,
,,
,,
,,
,,
,,
,,
,,
,,
,,
,,
,,
,,
,,
,,
,,
,,
,,
,,
,,
,,
,,
,,
,,
,,
,,
,,
,,
,,
,,
,,
,,
,,
,,
,,
,,
,,
,,
,,
,,
,,
,,
,,
,,
,,
,,
,,
,,
,,
,,
,,
,,
,,
,,
,,
,,
,,
,,
,,
,,
,,
,,
,,
,,
,,
,,
,,
,,
,,
,,
,,
,,
,,
,,
,,
,,
,,
,,
,,
,,
,,
,,
,,
,,
,,
,,
,,
,,
,,
,,
,,
,,
,,
,,
,,
,,
,,
,,
,,
,,
,,
,,
,,
,,
,,
,,
,,
,,
,,
,,
,,
,,
,,
,,
,,
,,
,,
,,
,,
,,
,,
,,
,,
,,
,,
,,
,,
,,
,,
,,
,,
,,
,,
,,
,,
,,
,,
,,
,,
,,
,,
,,
,,
,,
,,
,,
,,
,,
,,
,,
,,
,,
,,
,,
,,
,,
,,
,,
,,
,,
,,
,,
,,
,,
,,
,,
,,
,,
,,
,,
,,
,,
,,
,,
,,
,,
,,
,,
,,
,,
,,
,,
,,
,,
,,
,,
,,
,,
,,
,,
,,
,,
,,
,,
,,
,,
,,
,,
,,
,,
,,
,,
,,
,,
,,
,,
,,
,,
,,
,,
,,
,,
,,
,,
,,
,,
,,
,,
,,
,,
,,
,,
,,
,,
,,
,,
,,
,,
,,
,,
,,
,,
,,
,,
,,
,,
,,
,,
,,
,,
,,
,,
,,
,,
,,
,,
,,
,,
,,
,,
,,
,,
,,
,,
,,
,,
,,
,,
,,
,,
,,
,,
,,
,,
,,
,,
,,
,,
,,
,,
,,
,,
,,
,,
,,
,,
,,
,,
,,
,,
,,
,,
,,
,,
,,
,,
,,
,,
,,
,,
,,
,,
,,
,,
,,
,,
,,
,,
,,
,,
,,
,,
,,
,,
,,
,,
,,
,,
,,
,,
,,
,,
,,
,,
,,
,,
,,
,,
,,
,,
,,
,,
,,
,,
,,
,,
,,
,,
,,
,,
,,
,,
,,
,,
,,
,,
,,
,,
,,
,,
,,
,,
,,
,,
,,
,,
,,
,,
,,
,,
,,
,,
,,
,,
,,
,,
,,
,,
,,
,,
,,
,,
,,
,,
,,
,,
,,
,,
,,
,,
,,
,,
,,
,,
,,
,,
,,
,,
,,
,,
,,
,,
,,
,,
,,
,,
,,
,,
,,
,,
,,
,,
,,
,,
,,
,,
,,
,,
,,
,,
,,
,,
,,
,,
,,
,,
,,
,,
,,
,,
,,
,,
,,
,,
,,
,,
,,
,,
,,
,,
,,
,,
,,
,,
,,
,,
,,
,,
,,
,,
,,
,,
,,
,,
,,
,,
,,
,,
,,
,,
,,
,,
,,
,,
,,
,,
,,
,,
,,
,,
,,
,,
,,
,,
,,
,,
,,
,,
,,
,,
,,
,,
,,
,,
,,
,,
,,
,,
,,
,,
,,
,,
,,
,,
,,
,,
,,
,,
,,
,,
,,
,,
,,
,,
,,
,,
,,
,,
,,
,,
,,
,,
,,
,,
,,
,,
,,
,,
,,
,,
,,
,,
,,
,,
,,
,,
,,
,,
,,
,,
,,
,,
,,
,,
,,
,,
,,
,,
,,
,,
,,
,,
,,
,,
,,
,,
,,
,,
,,
,,
,,
,,
,,
,,
,,
,,
,,
,,
,,
,,
,,
,,
,,
,,
,,
,,
,,
,,
,,
,,
,,
,,
,,
,,
,,
,,
,,
,,
,,
,,
,,
,,
,,
,,
,,
,,
,,
,,
,,
,,
,,
,,
,,
,,
,,
,,
,,
,,
,,
,,
,,
,,
,,
,,
,,
,,
,,
,,
,,
,,
,,
,,
,,
,,
,,
,,
,,
,,
,,
,,
,,
,,
,,
,,
,,
,,
,,
,,
,,
,,
,,
,,
,,
,,
,,
,,
,,
,,
,,
,,
,,
,,
,,
,,
,,
,,
,,
,,
,,
,,
,,
,,
,,
,,
,,
,,
,,
,,
,,
,,
,,
,,
,,
,,
,,
,,
,,
,,
,,
,,
,,
,,
,,
,,
,,
,,
,,
,,
,,
,,
,,
,,
,,
,,
,,
,,
,,
,,
,,
,,
,,
,,
,,
,,
,,
,,
,,
,,
,,
,,
,,
,,
,,
,,
,,
,,
,,
,,
,,
,,
,,
,,
,,
,,
,,
,,
,,
,,
,,
,,
,,
,,
,,
,,
,,
,,
,,
,,
,,
,,
,,
,,
,,
,,
,,
,,
,,
,,
,,
,,
,,
,,
,,
,,
,,
,,
,,
,,
,,
,,
,,
,,
,,
,,
,,
,,
,,
,,
,,
,,
,,
,,
,,
,,
,,
,,
,,
,,
,,
,,
,,
,,
,,
,,
,,
,,
,,
,,
,,
,,
,,
,,
,,
,,
,,
,,
,,
,,
,,
,,
,,
,,
,,
,,
,,
,,
,,
,,
,,
,,
,,
,,
,,
,,
,,
,,
,,
,,
,,
,,
,,
,,
,,
,,
,,
,,
,,
,,
,,
,,
,,
,,
,,
,,
,,
,,
,,
,,
,,
,,
,,
,,
,,
,,
,,
,,
,,
,,
,,
,,
,,
,,
,,
,,
,,
,,
,,
,,
,,
,,
,,
,,
,,
,,
,,
,,
,,
,,
,,
,,
,,
,,
,,
,,
,,
,,
,,
,,
,,
,,
,,
,,
,,
,,
,,
,,
,,
,,
,,
,,
,,
,,
,,
,,
,,
,,
,,
,,
,,
,,
,,
,,
,,
,,
,,
,,
,,
,,
,,
,,
,,
,,
,,
,,
,,
,,
,,
,,
,,
,,
,,
,,
,,
,,
,,
,,
,,
,,
,,
,,
,,
,,
,,
,,
,,
,,
,,
,,
,,
,,
,,
,,
,,
,,
,,
,,
,,
,,
,,
,,
,,
,,
,,
,,
,,
,,
,,
,,
,,
,,
,,
,,
,,
,,
,,
,,
,,
,,
,,
,,
,,
,,
,,
,,
,,
,,
,,
,,
,,
,,
,,
,,
,,
,,
,,
,,
,,
,,
,,
,,
,,
,,
,,
,,
,,
,,
,,
,,
,,
,,
,,
,,
,,
,,
,,
,,
,,
,,
,,
,,
,,
,,
,,
,,
,,
,,
,,
,,
,,
,,
,,
,,
,,
,,
,,
,,
,,
,,
,,
,,
,,
,,
,,
,,
,,
,,
,,
,,
,,
,,
,,
,,
,,
,,
,,
,,
,,
,,
,,
,,
,,
,,
,,
,,
,,
,,
,,
,,
,,
,,
,,
,,
,,
,,
,,
,,
,,
,,
,,
,,
,,
,,
,,
,,
,,
,,
,,
,,
,,
,,
,,
,,
,,
,,
,,
,,
,,
,,
,,
,,
,,
,,
,,
,,
,,
,,
,,
,,
,,
,,
,,
,,
,,
,,
,,
,,
,,
,,
,,
,,
,,
,,
,,
,,
,,
,,
,,
,,
,,
,,
,,
,,
,,
,,
,,
,,
,,
,,
,,
,,
,,
,,
,,
,,
,,
,,
,,
,,
,,
,,
,,
,,
,,
,,
,,
,,
,,
,,
,,
,,
,,
,,
,,
,,
,,
,,
,,
,,
,,
,,
,,
,,
,,
,,
,,
,,
,,
,,
,,
,,
,,
,,
,,
,,
,,
,,
,,
,,
,,
,,
,,
,,
,,
,,
,,
,,
,,
,,
,,
,,
,,
,,
,,
,,
,,
,,
,,
,,
,,
,,
,,
,,
,,
,,
,,
,,
,,
,,
,,
,,
,,
,,
,,
,,
,,
,,
,,
,,
,,
,,
,,
,,
,,
,,
,,
,,
,,
,,
,,
,,
,,
,,
,,
,,
,,
,,
,,
,,
,,
,,
,,
,,
,,
,,
,,
,,
,,
,,
,,
,,
,,
,,
,,
,,
,,
,,
,,
,,
,,
,,
,,
,,
,,
,,
,,
,,
,,
,,
,,
,,
,,
,,
,,
,,
,,
,,
,,
,,
,,
,,
,,
,,
,,
,,
,,
,,
,,
,,
,,
,,
,,
,,
,,
,,
,,
,,
,,
,,
,,
,,
,,
,,
,,
,,
,,
,,
,,
,,
,,
,,
,,
,,
,,
,,
,,
,,
,,
,,
,,
,,
,,
,,
,,
,,
,,
,,
,,
,,
,,
,,
,,
,,
,,
,,
,,
,,
,,
,,
,,
,,
,,
,,
,,
,,
,,
,,
,,
,,
,,
,,
,,
,,
,,
,,
,,
,,
,,
,,
,,
,,
,,
,,
,,
,,
,,
,,
,,
,,
,,
,,
,,
,,
,,
,,
,,
,,
,,
,,
,,
,,
,,
,,
,,
,,
,,
,,
,,
,,
,,
,,
,,
,,
,,
,,
,,
,,
,,
,,
,,
,,
,,
,,
,,
,,
,,
,,
,,
,,
,,
,,
,,
,,
,,
,,
,,
,,
,,
,,
,,
,,
,,
,,
,,
,,
,,
,,
,,
,,
,,
,,
,,
,,
,,
,,
,,
,,
,,
,,
,,
,,
,,
,,
,,
,,
,,
,,
,,
,,
,,
,,
,,
,,
,,
,,
,,
,,
,,
,,
,,
,,
,,
,,
,,
,,
,,
,,
,,
,,
,,
,,
,,
,,
,,
,,
,,
,,
,,
,,
,,
,,
,,
,,
,,
,,
,,
,,
,,
,,
,,
,,
,,
,,
,,
,,
,,
,,
,,
,,
,,
,,
,,
,,
,,
,,
,,
,,
,,
,,
,,
,,
,,
,,
,,
,,
,,
,,
,,
,,
,,
,,
,,
,,
,,
,,
,,
,,
,,
,,
,,
,,
,,
,,
,,
,,
,,
,,
,,
,,
,,
,,
,,
,,
,,
,,
,,
,,
,,
,,
,,
,,
,,
,,
,,
,,
,,
,,
,,
,,
,,
,,
,,
,,
,,
,,
,,
,,
,,
,,
,,
,,
,,
,,
,,
,,
,,
,,
,,
,,
,,
,,
,,
,,
,,
,,
,,
,,
,,
,,
,,
,,
,,
,,
,,
,,
,,
,,
,,
,,
,,
,,
,,
,,
,,
,,
,,
,,
,,
,,
,,
,,
,,
,,
,,
,,
,,
,,
,,
,,
,,
,,
,,
,,
,,
,,
,,
,,
,,
,,
,,
,,
,,
,,
,,
,,
,,
,,
,,
,,
,,
,,
,,
,,
,,
,,
,,
,,
,,
,,
,,
,,
,,
,,
,,
,,
,,
,,
,,
,,
,,
,,
,,
,,
,,
,,
,,
,,
,,
,,
,,
,,
,,
,,
,,
,,
,,
,,
,,
,,
,,
,,
,,
,,
,,
,,
,,
,,
,,
,,
,,
,,
,,
,,
,,
,,
,,
,,
,,
,,
,,
,,
,,
,,
,,
,,
,,
,,
,,
,,
,,
,,
,,
,,
,,
,,
,,
,,
,,
,,
,,
,,
,,
,,
,,
,,
,,
,,
,,
,,
,,
,,
,,
,,
,,
,,
,,
,,
,,
,,
,,
,,
,,
,,
,,
,,
,,
,,
,,
,,
,,
,,
,,
,,
,,
,,
,,
,,
,,
,,
,,
,,
,,
,,
,,
,,
,,
,,
,,
,,
,,
,,
,,
,,
,,
,,
,,
,,
,,
,,
,,
,,
,,
,,
,,
,,
,,
,,
,,
,,
,,
,,
,,
,,
,,
,,
,,
,,
,,
,,
,,
,,
,,
,,
,,
,,
,,
,,
,,
,,
,,
,,
,,
,,
,,
,,
,,
,,
,,
,,
,,
,,
,,
,,
,,
,,
,,
,,
,,
,,
,,
,,
,,
,,
,,
,,
,,
,,
,,
,,
,,
,,
,,
,,
,,
,,
,,
,,
,,
,,
,,
,,
,,
,,
,,
,,
,,
,,
,,
,,
,,
,,
,,
,,
,,
,,
,,
,,
,,
,,
,,
,,
,,
,,
,,
,,
,,
,,
,,
,,
,,
,,
,,
,,
,,
,,
,,
,,
,,
,,
,,
,,
,,
,,
,,
,,
,,
,,
,,
,,
,,
,,
,,
,,
,,
,,
,,
,,
,,
,,
,,
,,
,,
,,
,,
,,
,,
,,
,,
,,
,,
,,
,,
,,
,,
,,
,,
,,
,,
,,
,,
,,
,,
,,
,,
,,
,,
,,
,,
,,
,,
,,
,,
,,
,,
,,
,,
,,
,,
,,
,,
,,
,,
,,
,,
,,
,,
,,
,,
,,
,,
,,
,,
,,
,,
,,
,,
,,
,,
,,
,,
,,
,,
,,
,,
,,
,,
,,
,,
,,
,,
,,
,,
,,
,,
,,
,,
,,
,,
,,
,,
,,
,,
,,
,,
,,
,,
,,
,,
,,
,,
,,
,,
,,
,,
,,
,,
,,
,,
,,
,,
,,
,,
,,
,,
,,
,,
,,
,,
,,
,,
,,
,,
,,
,,
,,
,,
,,
,,
,,
,,
,,
,,
,,
,,
,,
,,
,,
,,
,,
,,
,,
,,
,,
,,
,,
,,
,,
,,
,,
,,
,,
,,
,,
,,
,,
,,
,,
,,
,,
,,
,,
,,
,,
,,
,,
,,
,,
,,
,,
,,
,,
,,
,,
,,
,,
,,
,,
,,
,,
,,
,,
,,
,,
,,
,,
,,
,,
,,
,,
,,
,,
,,
,,
,,
,,
,,
,,
,,
,,
,,
,,
,,
,,
,,
,,
,,
,,
,,
,,
,,
,,
,,
,,
,,
,,
,,
,,
,,
,,
,,
,,
,,
,,
,,
,,
,,
,,
,,
,,
,,
,,
,,
,,
,,
,,
,,
,,
,,
,,
,,
,,
,,
,,
,,
,,
,,
,,
,,
,,
,,
,,
,,
,,
,,
,,
,,
,,
,,
,,
,,
,,
,,
,,
,,
,,
,,
,,
,,
,,
,,
,,
,,
,,
,,
,,
,,
,,
,,
,,
,,
,,
,,
,,
,,
,,
,,
,,
,,
,,
,,
,,
,,
,,
,,
,,
,,
,,
,,
,,
,,
,,
,,
,,
,,
,,
,,
,,
,,
,,
,,
,,
,,
,,
,,
,,
,,
,,
,,
,,
,,
,,
,,
,,
,,
,,
,,
,,
,,
,,
,,
,,
,,
,,
,,
,,
,,
,,
,,
,,
,,
,,
,,
,,
,,
,,
,,
,,
,,
,,
,,
,,
,,
,,
,,
,,
,,
,,
,,
,,
,,
,,
,,
,,
,,
,,
,,
,,
,,
,,
,,
,,
,,
,,
,,
,,
,,
,,
,,
,,
,,
,,
,,
,,
,,
,,
,,
,,
,,
,,
,,
,,
,,
,,
,,
,,
,,
,,
,,
,,
,,
,,
,,
,,
,,
,,
,,
,,
,,
,,
,,
,,
,,
,,
,,
,,
,,
,,
,,
,,
,,
,,
,,
,,
,,
,,
,,
,,
,,
,,
,,
,,
,,
,,
,,
,,
,,
,,
,,
,,
,,
,,
,,
,,
,,
,,
,,
,,
,,
,,
,,
,,
,,
,,
,,
,,
,,
,,
,,
,,
,,
,,
,,
,,
,,
,,
,,
,,
,,
,,
,,
,,
,,
,,
,,
,,
,,
,,
,,
,,
,,
,,
,,
,,
,,
,,
,,
,,
,,
,,
,,
,,
,,
,,
,,
,,
,,
,,
,,
,,
,,
,,
,,
,,
,,
,,
,,
,,
,,
,,
,,
,,
,,
,,
,,
,,
,,
,,
,,
,,
,,
,,
,,
,,
,,
,,
,,
,,
,,
,,
,,
,,
,,
,,
,,
,,
,,
,,
,,
,,
,,
,,
,,
,,
,,
,,
,,
,,
,,
,,
,,
,,
,,
,,
,,
,,
,,
,,
,,
,,
,,
,,
,,
,,
,,
,,
,,
,,
,,
,,
,,
,,
,,
,,
,,
,,
,,
,,
,,
,,
,,
,,
,,
,,
,,
,,
,,
,,
,,
,,
,,
,,
,,
,,
,,
,,
,,
,,
,,
,,
,,
,,
,,
,,
,,
,,
,,
,,
,,
,,
,,
,,
,,
,,
,,
,,
,,
,,
,,
,,
,,
,,
,,
,,
,,
,,
,,
,,
,,
,,
,,
,,
,,
,,
,,
,,
,,
,,
,,
,,
,,
,,
,,
,,
,,
,,
,,
,,
,,
,,
,,
,,
,,
,,
,,
,,
,,
,,
,,
,,
,,
,,
,,
,,
,,
,,
,,
,,
,,
,,
,,
,,
,,
,,
,,
,,
,,
,,
,,
,,
,,
,,
,,
,,
,,
,,
,,
,,
,,
,,
,,
,,
,,
,,
,,
,,
,,
,,
,,
,,
,,
,,
,,
,,
,,
,,
,,
,,
,,
,,
,,
,,
,,
,,
,,
,,
,,
,,
,,
,,
,,
,,
,,
,,
,,
,,
,,
,,
,,
,,
,,
,,
,,
,,
,,
,,
,,
,,
,,
,,
,,
,,
,,
,,
,,
,,
,,
,,
,,
,,
,,
,,
,,
,,
,,
,,
,,
,,
,,
,,
,,
,,
,,
,,
,,
,,
,,
,,
,,
,,
,,
,,
,,
,,
,,
,,
,,
,,
,,
,,
,,
,,
,,
,,
,,
,,
,,
,,
,,
,,
,,
,,
,,
,,
,,
,,
,,
,,
,,
,,
,,
,,
,,
,,
,,
,,
,,
,,
,,
,,
,,
,,
,,
,,
,,
,,
,,
,,
,,
,,
,,
,,
,,
,,
,,
,,
,,
,,
,,
,,
,,
,,
,,
,,
,,
,,
,,
,,
,,
,,
,,
,,
,,
,,
,,
,,
,,
,,
,,
,,
,,
,,
,,
,,
,,
,,
,,
,,
,,
,,
,,
,,
,,
,,
,,
,,
,,
,,
,,
,,
,,
,,
,,
,,
,,
,,
,,
,,
,,
,,
,,
,,
,,
,,
,,
,,
,,
,,
,,
,,
,,
,,
,,
,,
,,
,,
,,
,,
,,
,,
,,
,,
,,
,,
,,
,,
,,
,,
,,
,,
,,
,,
,,
,,
,,
,,
,,
,,
,,
,,
,,
,,
,,
,,
,,
,,
,,
,,
,,
,,
,,
,,
,,
,,
,,
,,
,,
,,
,,
,,
,,
,,
,,
,,
,,
,,
,,
,,
,,
,,
,,
,,
,,
,,
,,
,,
,,
,,
,,
,,
,,
,,
,,
,,
,,
,,
,,
,,
,,
,,
,,
,,
,,
,,
,,
,,
,,
,,
,,
,,
,,
,,
,,
,,
,,
,,
,,
,,
,,
,,
,,
,,
,,
,,
,,
,,
,,
,,
,,
,,
,,
,,
,,
,,
,,
,,
,,
,,
,,
,,
,,
,,
,,
,,
,,
,,
,,
,,
,,
,,
,,
,,
,,
,,
,,
,,
,,
,,
,,
,,
,,
,,
,,
,,
,,
,,
,,
,,
,,
,,
,,
,,
,,
,,
,,
,,
,,
,,
,,
,,
,,
,,
,,
,,
,,
,,
,,
,,
,,
,,
,,
,,
,,
,,
,,
,,
,,
,,
,,
,,
,,
,,
,,
,,
,,
,,
,,
,,
,,
,,
,,
,,
,,
,,
,,
,,
,,
,,
,,
,,
,,
,,
,,
,,
,,
,,
,,
,,
,,
,,
,,
,,
,,
,,
,,
,,
,,
,,
,,
,,
,,
,,
,,
,,
,,
,,
,,
,,
,,
,,
,,
,,
,,
,,
,,
,,
,,
,,
,,
,,
,,
,,
,,
,,
,,
,,
,,
,,
,,
,,
,,
,,
,,
,,
,,
,,
,,
,,
,,
,,
,,
,,
,,
,,
,,
,,
,,
,,
,,
,,
,,
,,
,,
,,
,,
,,
,,
,,
,,
,,
,,
,,
,,
,,
,,
,,
,,
,,
,,
,,
,,
,,
,,
,,
,,
,,
,,
,,
,,
,,
,,
,,
,,
,,
,,
,,
,,
,,
,,
,,
,,
,,
,,
,,
,,
,,
,,
,,
,,
,,
,,
,,
,,
,,
,,
,,
,,
,,
,,
,,
,,
,,
,,
,,
,,
,,
,,
,,
,,
,,
,,
,,
,,
,,
,,
,,
,,
,,
,,
,,
,,
,,
,,
,,
,,
,,
,,
,,
,,
,,
,,
,,
,,
,,
,,
,,
,,
,,
,,
,,
,,
,,
,,
,,
,,
,,
,,
,,
,,
,,
,,
,,
,,
,,
,,
,,
,,
,,
,,
,,
,,
,,
,,
,,
,,
,,
,,
,,
,,
,,
,,
,,
,,
,,
,,
,,
,,
,,
,,
,,
,,
,,
,,
,,
,,
,,
,,
,,
,,
,,
,,
,,
,,
,,
,,
,,
,,
,,
,,
,,
,,
,,
,,
,,
,,
,,
,,
,,
,,
,,
,,
,,
,,
,,
,,
,,
,,
,,
,,
,,
,,
,,
,,
,,
,,
,,
,,
,,
,,
,,
,,
,,
,,
,,
,,
,,
,,
,,
,,
,,
,,
,,
,,
,,
,,
,,
,,
,,
,,
,,
,,
,,
,,
,,
,,
,,
,,
,,
,,
,,
,,
,,
,,
,,
,,
,,
,,
,,
,,
,,
,,
,,
,,
,,
,,
,,
,,
,,
,,
,,
,,
,,
,,
,,
,,
,,
,,
,,
,,
,,
,,
,,
,,
,,
,,
,,
,,
,,
,,
,,
,,
,,
,,
,,
,,
,,
,,
,,
,,
,,
,,
,,
,,
,,
,,
,,
,,
,,
,,
,,
,,
,,
,,
,,
,,
,,
,,
,,
,,
,,
,,
,,
,,
,,
,,
,,
,,
,,
,,
,,
,,
,,
,,
,,
,,
,,
,,
,,
,,
,,
,,
,,
,,
,,
,,
,,
,,
,,
,,
,,
,,
,,
,,
,,
,,
,,
,,
,,
,,
,,
,,
,,
,,
,,
,,
,,
,,
,,
,,
,,
,,
,,
,,
,,
,,
,,
,,
,,
,,
,,
,,
,,
,,
,,
,,
,,
,,
,,
,,
,,
,,
,,
,,
,,
,,
,,
,,
,,
,,
,,
,,
,,
,,
,,
,,
,,
,,
,,
,,
,,
,,
,,
,,
,,
,,
,,
,,
,,
,,
,,
,,
,,
,,
,,
,,
,,
,,
,,
,,
,,
,,
,,
,,
,,
,,
,,
,,
,,
,,
,,
,,
,,
,,
,,
,,
,,
,,
,,
,,
,,
,,
,,
,,
,,
,,
,,
,,
,,
,,
,,
,,
,,
,,
,,
,,
,,
,,
,,
,,
,,
,,
,,
,,
,,
,,
,,
,,
,,
,,
,,
,,
,,
,,
,,
,,
,,
,,
,,
,,
,,
,,
,,
,,
,,
,,
,,
,,
,,
,,
,,
,,
,,
,,
,,
,,
,,
,,
,,
,,
,,
,,
,,
,,
,,
,,
,,
,,
,,
,,
,,
,,
,,
,,
,,
,,
,,
,,
,,
,,
,,
,,
,,
,,
,,
,,
,,
,,
,,
,,
,,
,,
,,
,,
,,
,,
,,
,,
,,
,,
,,
,,
,,
,,
,,
,,
,,
,,
,,
,,
,,
,,
,,
,,
,,
,,
,,
,,
,,
,,
,,
,,
,,
,,
,,
,,
,,
,,
,,
,,
,,
,,
,,
,,
,,
,,
,,
,,
,,
,,
,,
,,
,,
,,
,,
,,
,,
,,
,,
,,
,,
,,
,,
,,
,,
,,
,,
,,
,,
,,
,,
,,
,,
,,
,,
,,
,,
,,
,,
,,
,,
,,
,,
,,
,,
,,
,,
,,
,,
,,
,,
,,
,,
,,
,,
,,
,,
,,
,,
,,
,,
,,
,,
,,
,,
,,
,,
,,
,,
,,
,,
,,
,,
,,
,,
,,
,,
,,
,,
,,
,,
,,
,,
,,
,,
,,
,,
,,
,,
,,
,,
,,
,,
,,
,,
,,
,,
,,
,,
,,
,,
,,
,,
,,
,,
,,
,,
,,
,,
,,
,,
,,
,,
,,
,,
,,
,,
,,
,,
,,
,,
,,
,,
,,
,,
,,
,,
,,
,,
,,
,,
,,
,,
,,
,,
,,
,,
,,
,,
,,
,,
,,
,,
,,
,,
,,
,,
,,
,,
,,
,,
,,
,,
,,
,,
,,
,,
,,
,,
,,
,,
,,
,,
,,
,,
,,
,,
,,
,,
,,
,,
,,
,,
,,
,,
,,
,,
,,
,,
,,
,,
,,
,,
,,
,,
,,
,,
,,
,,
,,
,,
,,
,,
,,
,,
,,
,,
,,
,,
,,
,,
,,
,,
,,
,,
,,
,,
,,
,,
,,
,,
,,
,,
,,
,,
,,
,,
,,
,,
,,
,,
,,
,,
,,
,,
,,
,,
,,
,,
,,
,,
,,
,,
,,
,,
,,
,,
,,
,,
,,
,,
,,
,,
,,
,,
,,
,,
,,
,,
,,
,,
,,
,,
,,
,,
,,
,,
,,
,,
,,
,,
,,
,,
,,
,,
,,
,,
,,
,,
,,
,,
,,
,,
,,
,,
,,
,,
,,
,,
,,
,,
,,
,,
,,
,,
,,
,,
,,
,,
,,
,,
,,
,,
,,
,,
,,
,,
,,
,,
,,
,,
,,
,,
,,
,,
,,
,,
,,
,,
,,
,,
,,
,,
,,
,,
,,
,,
,,
,,
,,
,,
,,
,,
,,
,,
,,
,,
,,
,,
,,
,,
,,
,,
,,
,,
,,
,,
,,
,,
,,
,,
,,
,,
,,
,,
,,
,,
,,
,,
,,
,,
,,
,,
,,
,,
,,
,,
,,
,,
,,
,,
,,
,,
,,
,,
,,
,,
,,
,,
,,
,,
,,
,,
,,
,,
,,
,,
,,
,,
,,
,,
,,
,,
,,
,,
,,
,,
,,
,,
,,
,,
,,
,,
,,
,,
,,
,,
,,
,,
,,
,,
,,
,,
,,
,,
,,
,,
,,
,,
,,
,,
,,
,,
,,
,,
,,
,,
,,
,,
,,
,,
,,
,,
,,
,,
,,
,,
,,
,,
,,
,,
,,
,,
,,
,,
,,
,,
,,
,,
,,
,,
,,
,,
,,
,,
,,
,,
,,
,,
,,
,,
,,
,,
,,
,,
,,
,,
,,
,,
,,
,,
,,
,,
,,
,,
,,
,,
,,
,,
,,
,,
,,
,,
,,
,,
,,
,,
,,
,,
,,
,,
,,
,,
,,
,,
,,
,,
,,
,,
,,
,,
,,
,,
,,
,,
,,
,,
,,
,,
,,
,,
,,
,,
,,
,,
,,
,,
,,
,,
,,
,,
,,
,,
,,
,,
,,
,,
,,
,,
,,
,,
,,
,,
,,
,,
,,
,,
,,
,,
,,
,,
,,
,,
,,
,,
,,
,,
,,
,,
,,
,,
,,
,,
,,
,,
,,
,,
,,
,,
,,
,,
,,
,,
,,
,,
,,
,,
,,
,,
,,
,,
,,
,,
,,
,,
,,
,,
,,
,,
,,
,,
,,
,,
,,
,,
,,
,,
,,
,,
,,
,,
,,
,,
,,
,,
,,
,,
,,
,,
,,
,,
,,
,,
,,
,,
,,
,,
,,
,,
,,
,,
,,
,,
,,
,,
,,
,,
,,
,,
,,
,,
,,
,,
,,
,,
,,
,,
,,
,,
,,
,,
,,
,,
,,
,,
,,
,,
,,
,,
,,
,,
,,
,,
,,
,,
,,
,,
,,
,,
,,
,,
,,
,,
,,
,,
,,
,,
,,
,,
,,
,,
,,
,,
,,
,,
,,
,,
,,
,,
,,
,,
,,
,,
,,
,,
,,
,,
,,
,,
,,
,,
,,
,,
,,
,,
,,
,,
,,
,,
,,
,,
,,
,,
,,
,,
,,
,,
,,
,,
,,
,,
,,
,,
,,
,,
,,
,,
,,
,,
,,
,,
,,
,,
,,
,,
,,
,,
,,
,,
,,
,,
,,
,,
,,
,,
,,
,,
,,
,,
,,
,,
,,
,,
,,
,,
,,
,,
,,
,,
,,
,,
,,
,,
,,
,,
,,
,,
,,
,,
,,
,,
,,
,,
,,
,,
,,
,,
,,
,,
,,
,,
,,
,,
,,
,,
,,
,,
,,
,,
,,
,,
,,
,,
,,
,,
,,
,,
,,
,,
,,
,,
,,
,,
,,
,,
,,
,,
,,
,,
,,
,,
,,
,,
,,
,,
,,
,,
,,
,,
,,
,,
,,
,,
,,
,,
,,
,,
,,
,,
,,
,,
,,
,,
,,
,,
,,
,,
,,
,,
,,
,,
,,
,,
,,
,,
,,
,,
,,
,,
,,
,,
,,
,,
,,
,,
,,
,,
,,
,,
,,
,,
,,
,,
,,
,,
,,
,,
,,
,,
,,
,,
,,
,,
,,
,,
,,
,,
,,
,,
,,
,,
,,
,,
,,
,,
,,
,,
,,
,,
,,
,,
,,
,,
,,
,,
,,
,,
,,
,,
,,
,,
,,
,,
,,
,,
,,
,,
,,
,,
,,
,,
,,
,,
,,
,,
,,
,,
,,
,,
,,
,,
,,
,,
,,
,,
,,
,,
,,
,,
,,
,,
,,
,,
,,
,,
,,
,,
,,
,,
,,
,,
,,
,,
,,
,,
,,
,,
,,
,,
,,
,,
,,
,,
,,
,,
,,
,,
,,
,,
,,
,,
,,
,,
,,
,,
,,
,,
,,
,,
,,
,,
,,
,,
,,
,,
,,
,,
,,
,,
,,
,,
,,
,,
,,
,,
,,
,,
,,
,,
,,
,,
,,
,,
,,
,,
,,
,,
,,
,,
,,
,,
,,
,,
,,
,,
,,
,,
,,
,,
,,
,,
,,
,,
,,
,,
,,
,,
,,
,,
,,
,,
,,
,,
,,
,,
,,
,,
,,
,,
,,
,,
,,
,,
,,
,,
,,
,,
,,
,,
,,
,,
,,
,,
,,
,,
,,
,,
,,
,,
,,
,,
,,
,,
,,
,,
,,
,,
,,
,,
,,
,,
,,
,,
,,
,,
,,
,,
,,
,,
,,
,,
,,
,,
,,
,,
,,
,,
,,
,,
,,
,,
,,
,,
,,
,,
,,
,,
,,
,,
,,
,,
,,
,,
,,
,,
,,
,,
,,
,,
,,
,,
,,
,,
,,
,,
,,
,,
,,
,,
,,
,,
,,
,,
,,
,,
,,
,,
,,
,,
,,
,,
,,
,,
,,
,,
,,
,,
,,
,,
,,
,,
,,
,,
,,
,,
,,
,,
,,
,,
,,
,,
,,
,,
,,
,,
,,
,,
,,
,,
,,
,,
,,
,,
,,
,,
,,
,,
,,
,,
,,
,,
,,
,,
,,
,,
,,
,,
,,
,,
,,
,,
,,
,,
,,
,,
,,
,,
,,
,,
,,
,,
,,
,,
,,
,,
,,
,,
,,
,,
,,
,,
,,
,,
,,
,,
,,
,,
,,
,,
,,
,,
,,
,,
,,
,,
,,
,,
,,
,,
,,
,,
,,
,,
,,
,,
,,
,,
,,
,,
,,
,,
,,
,,
,,
,,
,,
,,
,,
,,
,,
,,
,,
,,
,,
,,
,,
,,
,,
,,
,,
,,
,,
,,
,,
,,
,,
,,
,,
,,
,,
,,
,,
,,
,,
,,
,,
,,
,,
,,
,,
,,
,,
,,
,,
,,
,,
,,
,,
,,
,,
,,
,,
,,
,,
,,
,,
,,
,,
,,
,,
,,
,,
,,
,,
,,
,,
,,
,,
,,
,,
,,
,,
,,
,,
,,
,,
,,
,,
,,
,,
,,
,,
,,
,,
,,
,,
,,
,,
,,
,,
,,
,,
,,
,,
,,
,,
,,
,,
,,
,,
,,
,,
,,
,,
,,
,,
,,
,,
,,
,,
,,
,,
,,
,,
,,
,,
,,
,,
,,
,,
,,
,,
,,
,,
,,
,,
,,
,,
,,
,,
,,
,,
,,
,,
,,
,,
,,
,,
,,
,,
,,
,,
,,
,,
,,
,,
,,
,,
,,
,,
,,
,,
,,
,,
,,
,,
,,
,,
,,
,,
,,
,,
,,
,,
,,
,,
,,
,,
,,
,,
,,
,,
,,
,,
,,
,,
,,
,,
,,
,,
,,
,,
,,
,,
,,
,,
,,
,,
,,
,,
,,
,,
,,
,,
,,
,,
,,
,,
,,
,,
,,
,,
,,
,,
,,
,,
,,
,,
,,
,,
,,
,,
,,
,,
,,
,,
,,
,,
,,
,,
,,
,,
,,
,,
,,
,,
,,
,,
,,
,,
,,
,,
,,
,,
,,
,,
,,
,,
,,
,,
,,
,,
,,
,,
,,
,,
,,
,,
,,
,,
,,
,,
,,
,,
,,
,,
,,
,,
,,
,,
,,
,,
,,
,,
,,
,,
,,
,,
,,
,,
,,
,,
,,
,,
,,
,,
,,
,,
,,
,,
,,
,,
,,
,,
,,
,,
,,
,,
,,
,,
,,
,,
,,
,,
,,
,,
,,
,,
,,
,,
,,
,,
,,
,,
,,
,,
,,
,,
,,
,,
,,
,,
,,
,,
,,
,,
,,
,,
,,
,,
,,
,,
,,
,,
,,
,,
,,
,,
,,
,,
,,
,,
,,
,,
,,
,,
,,
,,
,,
,,
,,
,,
,,
,,
,,
,,
,,
,,
,,
,,
,,
,,
,,
,,
,,
,,
,,
,,
,,
,,
,,
,,
,,
,,
,,
,,
,,
,,
,,
,,
,,
,,
,,
,,
,,
,,
,,
,,
,,
,,
,,
,,
,,
,,
,,
,,
,,
,,
,,
,,
,,
,,
,,
,,
,,
,,
,,
,,
,,
,,
,,
,,
,,
,,
,,
,,
,,
,,
,,
,,
,,
,,
,,
,,
,,
,,
,,
,,
,,
,,
,,
,,
,,
,,
,,
,,
,,
,,
,,
,,
,,
,,
,,
,,
,,
,,
,,
,,
,,
,,
,,
,,
,,
,,
,,
,,
,,
,,
,,
,,
,,
,,
,,
,,
,,
,,
,,
,,
,,
,,
,,
,,
,,
,,
,,
,,
,,
,,
,,
,,
,,
,,
,,
,,
,,
,,
,,
,,
,,
,,
,,
,,
,,
,,
,,
,,
,,
,,
,,
,,
,,
,,
,,
,,
,,
,,
,,
,,
,,
,,
,,
,,
,,
,,
,,
,,
,,
,,
,,
,,
,,
,,
,,
,,
,,
,,
,,
,,
,,
,,
,,
,,
,,
,,
,,
,,
,,
,,
,,
,,
,,
,,
,,
,,
,,
,,
,,
,,
,,
,,
,,
,,
,,
,,
,,
,,
,,
,,
,,
,,
,,
,,
,,
,,
,,
,,
,,
,,
,,
,,
,,
,,
,,
,,
,,
,,
,,
,,
,,
,,
,,
,,
,,
,,
,,
,,
,,
,,
,,
,,
,,
,,
,,
,,
,,
,,
,,
,,
,,
,,
,,
,,
,,
,,
,,
,,
,,
,,
,,
,,
,,
,,
,,
,,
,,
,,
,,
,,
,,
,,
,,
,,
,,
,,
,,
,,
,,
,,
,,
,,
,,
,,
,,
,,
,,
,,
,,
,,
,,
,,
,,
,,
,,
,,
,,
,,
,,
,,
,,
,,
,,
,,
,,
,,
,,
,,
,,
,,
,,
,,
,,
,,
,,
,,
,,
,,
,,
,,
,,
,,
,,
,,
,,
,,
,,
,,
,,
,,
,,
,,
,,
,,
,,
,,
,,
,,
,,
,,
,,
,,
,,
,,
,,
,,
,,
,,
,,
,,
,,
,,
,,
,,
,,
,,
,,
,,
,,
,,
,,
,,
,,
,,
,,
,,
,,
,,
,,
,,
,,
,,
,,
,,
,,
,,
,,
,,
,,
,,
,,
,,
,,
,,
,,
,,
,,
,,
,,
,,
,,
,,
,,
,,
,,
,,
,,
,,
,,
,,
,,
,,
,,
,,
,,
,,
,,
,,
,,
,,
,,
,,
,,
,,
,,
,,
,,
,,
,,
,,
,,
,,
,,
,,
,,
,,
,,
,,
,,
,,
,,
,,
,,
,,
,,
,,
,,
,,
,,
,,
,,
,,
,,
,,
,,
,,
,,
,,
,,
,,
,,
,,
,,
,,
,,
,,
,,
,,
,,
,,
,,
,,
,,
,,
,,
,,
,,
,,
,,
,,
,,
,,
,,
,,
,,
,,
,,
,,
,,
,,
,,
,,
,,
,,
,,
,,
,,
,,
,,
,,
,,
,,
,,
,,
,,
,,
,,
,,
,,
,,
,,
,,
,,
,,
,,
,,
,,
,,
,,
,,
,,
,,
,,
,,
,,
,,
,,
,,
,,
,,
,,
,,
,,
,,
,,
,,
,,
,,
,,
,,
,,
,,
,,
,,
,,
,,
,,
,,
,,
,,
,,
,,
,,
,,
,,
,,
,,
,,
,,
,,
,,
,,
,,
,,
,,
,,
,,
,,
,,
,,
,,
,,
,,
,,
,,
,,
,,
,,
,,
,,
,,
,,
,,
,,
,,
,,
,,
,,
,,
,,
,,
,,
,,
,,
,,
,,
,,
,,
,,
,,
,,
,,
,,
,,
,,
,,
,,
,,
,,
,,
,,
,,
,,
,,
,,
,,
,,
,,
,,
,,
,,
,,
,,
,,
,,
,,
,,
,,
,,
,,
,,
,,
,,
,,
,,
,,
,,
,,
,,
,,
,,
,,
,,
,,
,,
,,
,,
,,
,,
,,
,,
,,
,,
,,
,,
,,
,,
,,
,,
,,
,,
,,
,,
,,
,,
,,
,,
,,
,,
,,
,,
,,
,,
,,
,,
,,
,,
,,
,,
,,
,,
,,
,,
,,
,,
,,
,,
,,
,,
,,
,,
,,
,,
,,
,,
,,
,,
,,
,,
,,
,,
,,
,,
,,
,,
,,
,,
,,
,,
,,
,,
,,
,,
,,
,,
,,
,,
,,
,,
,,
,,
,,
,,
,,
,,
,,
,,
,,
,,
,,
,,
,,
,,
,,
,,
,,
,,
,,
,,
,,
,,
,,
,,
,,
,,
,,
,,
,,
,,
,,
,,
,,
,,
,,
,,
,,
,,
,,
,,
,,
,,
,,
,,
,,
,,
,,
,,
,,
,,
,,
,,
,,
,,
,,
,,
,,
,,
,,
,,
,,
,,
,,
,,
,,
,,
,,
,,
,,
,,
,,
,,
,,
,,
,,
,,
,,
,,
,,
,,
,,
,,
,,
,,
,,
,,
,,
,,
,,
,,
,,
,,
,,
,,
,,
,,
,,
,,
,,
,,
,,
,,
,,
,,
,,
,,
,,
,,
,,
,,
,,
,,
,,
,,
,,
,,
,,
,,
,,
,,
,,
,,
,,
,,
,,
,,
,,
,,
,,
,,
,,
,,
,,
,,
,,
,,
,,
,,
,,
,,
,,
,,
,,
,,
,,
,,
,,
,,
,,
,,
,,
,,
,,
,,
,,
,,
,,
,,
,,
,,
,,
,,
,,
,,
,,
,,
,,
,,
,,
,,
,,
,,
,,
,,
,,
,,
,,
,,
,,
,,
,,
,,
,,
,,
,,
,,
,,
,,
,,
,,
,,
,,
,,
,,
,,
,,
,,
,,
,,
,,
,,
,,
,,
,,
,,
,,
,,
,,
,,
,,
,,
,,
,,
,,
,,
,,
,,
,,
,,
,,
,,
,,
,,
,,
,,
,,
,,
,,
,,
,,
,,
,,
,,
,,
,,
,,
,,
,,
,,
,,
,,
,,
,,
,,
,,
,,
,,
,,
,,
,,
,,
,,
,,
,,
,,
,,
,,
,,
,,
,,
,,
,,
,,
,,
,,
,,
,,
,,
,,
,,
,,
,,
,,
,,
,,
,,
,,
,,
,,
,,
,,
,,
,,
,,
,,
,,
,,
,,
,,
,,
,,
,,
,,
,,
,,
,,
,,
,,
,,
,,
,,
,,
,,
,,
,,
,,
,,
,,
,,
,,
,,
,,
,,
,,
,,
,,
,,
,,
,,
,,
,,
,,
,,
,,
,,
,,
,,
,,
,,
,,
,,
,,
,,
,,
,,
,,
,,
,,
,,
,,
,,
,,
,,
,,
,,
,,
,,
,,
,,
,,
,,
,,
,,
,,
,,
,,
,,
,,
,,
,,
,,
,,
,,
,,
,,
,,
,,
,,
,,
,,
,,
,,
,,
,,
,,
,,
,,
,,
,,
,,
,,
,,
,,
,,
,,
,,
,,
,,
,,
,,
,,
,,
,,
,,
,,
,,
,,
,,
,,
,,
,,
,,
,,
,,
,,
,,
,,
,,
,,
,,
,,
,,
,,
,,
,,
,,
,,
,,
,,
,,
,,
,,
,,
,,
,,
,,
,,
,,
,,
,,
,,
,,
,,
,,
,,
,,
,,
,,
,,
,,
,,
,,
,,
,,
,,
,,
,,
,,
,,
,,
,,
,,
,,
,,
,,
,,
,,
,,
,,
,,
,,
,,
,,
,,
,,
,,
,,
,,
,,
,,
,,
,,
,,
,,
,,
,,
,,
,,
,,
,,
,,
,,
,,
,,
,,
,,
,,
,,
,,
,,
,,
,,
,,
,,
,,
,,
,,
,,
,,
,,
,,
,,
,,
,,
,,
,,
,,
,,
,,
,,
,,
,,
,,
,,
,,
,,
,,
,,
,,
,,
,,
,,
,,
,,
,,
,,
,,
,,
,,
,,
,,
,,
,,
,,
,,
,,
,,
,,
,,
,,
,,
,,
,,
,,
,,
,,
,,
,,
,,
,,
,,
,,
,,
,,
,,
,,
,,
,,
,,
,,
,,
,,
,,
,,
,,
,,
,,
,,
,,
,,
,,
,,
,,
,,
,,
,,
,,
,,
,,
,,
,,
,,
,,
,,
,,
,,
,,
,,
,,
,,
,,
,,
,,
,,
,,
,,
,,
,,
,,
,,
,,
,,
,,
,,
,,
,,
,,
,,
,,
,,
,,
,,
,,
,,
,,
,,
,,
,,
,,
,,
,,
,,
,,
,,
,,
,,
,,
,,
,,
,,
,,
,,
,,
,,
,,
,,
,,
,,
,,
,,
,,
,,
,,
,,
,,
,,
,,
,,
,,
,,
,,
,,
,,
,,
,,
,,
,,
,,
,,
,,
,,
,,
,,
,,
,,
,,
,,
,,
,,
,,
,,
,,
,,
,,
,,
,,
,,
,,
,,
,,
,,
,,
,,
,,
,,
,,
,,
,,
,,
,,
,,
,,
,,
,,
,,
,,
,,
,,
,,
,,
,,
,,
,,
,,
,,
,,
,,
,,
,,
,,
,,
,,
,,
,,
,,
,,
,,
,,
,,
,,
,,
,,
,,
,,
,,
,,
,,
,,
,,
,,
,,
,,
,,
,,
,,
,,
,,
,,
,,
,,
,,
,,
,,
,,
,,
,,
,,
,,
,,
,,
,,
,,
,,
,,
,,
,,
,,
,,
,,
,,
,,
,,
,,
,,
,,
,,
,,
,,
,,
,,
,,
,,
,,
,,
,,
,,
,,
,,
,,
,,
,,
,,
,,
,,
,,
,,
,,
,,
,,
,,
,,
,,
,,
,,
,,
,,
,,
,,
,,
,,
,,
,,
,,
,,
,,
,,
,,
,,
,,
,,
,,
,,
,,
,,
,,
,,
,,
,,
,,
,,
,,
,,
,,
,,
,,
,,
,,
,,
,,
,,
,,
,,
,,
,,
,,
,,
,,
,,
,,
,,
,,
,,
,,
,,
,,
,,
,,
,,
,,
,,
,,
,,
,,
,,
,,
,,
,,
,,
,,
,,
,,
,,
,,
,,
,,
,,
,,
,,
,,
,,
,,
,,
,,
,,
,,
,,
,,
,,
,,
,,
,,
,,
,,
,,
,,
,,
,,
,,
,,
,,
,,
,,
,,
,,
,,
,,
,,
,,
,,
,,
,,
,,
,,
,,
,,
,,
,,
,,
,,
,,
,,
,,
,,
,,
,,
,,
,,
,,
,,
,,
,,
,,
,,
,,
,,
,,
,,
,,
,,
,,
,,
,,
,,
,,
,,
,,
,,
,,
,,
,,
,,
,,
,,
,,
,,
,,
,,
,,
,,
,,
,,
,,
,,
,,
,,
,,
,,
,,
,,
,,
,,
,,
,,
,,
,,
,,
,,
,,
,,
,,
,,
,,
,,
,,
,,
,,
,,
,,
,,
,,
,,
,,
,,
,,
,,
,,
,,
,,
,,
,,
,,
,,
,,
,,
,,
,,
,,
,,
,,
,,
,,
,,
,,
,,
,,
,,
,,
,,
,,
,,
,,
,,
,,
,,
,,
,,
,,
,,
,,
,,
,,
,,
,,
,,
,,
,,
,,
,,
,,
,,
,,
,,
,,
,,
,,
,,
,,
,,
,,
,,
,,
,,
,,
,,
,,
,,
,,
,,
,,
,,
,,
,,
,,
,,
,,
,,
,,
,,
,,
,,
,,
,,
,,
,,
,,
,,
,,
,,
,,
,,
,,
,,
,,
,,
,,
,,
,,
,,
,,
,,
,,
,,
,,
,,
,,
,,
,,
,,
,,
,,
,,
,,
,,
,,
,,
,,
,,
,,
,,
,,
,,
,,
,,
,,
,,
,,
,,
,,
,,
,,
,,
,,
,,
,,
,,
,,
,,
,,
,,
,,
,,
,,
,,
,,
,,
,,
,,
,,
,,
,,
,,
,,
,,
,,
,,
,,
,,
,,
,,
,,
,,
,,
,,
,,
,,
,,
,,
,,
,,
,,
,,
,,
,,
,,
,,
,,
,,
,,
,,
,,
,,
,,
,,
,,
,,
,,
,,
,,
,,
,,
,,
,,
,,
,,
,,
,,
,,
,,
,,
,,
,,
,,
,,
,,
,,
,,
,,
,,
,,
,,
,,
,,
,,
,,
,,
,,
,,
,,
,,
,,
,,
,,
,,
,,
,,
,,
,,
,,
,,
,,
,,
,,
,,
,,
,,
,,
,,
,,
,,
,,
,,
,,
,,
,,
,,
,,
,,
,,
,,
,,
,,
,,
,,
,,
,,
,,
,,
,,
,,
,,
,,
,,
,,
,,
,,
,,
,,
,,
,,
,,
,,
,,
,,
,,
,,
,,
,,
,,
,,
,,
,,
,,
,,
,,
,,
,,
,,
,,
,,
,,
,,
,,
,,
,,
,,
,,
,,
,,
,,
,,
,,
,,
,,
,,
,,
,,
,,
,,
,,
,,
,,
,,
,,
,,
,,
,,
,,
,,
,,
,,
,,
,,
,,
,,
,,
,,
,,
,,
,,
,,
,,
,,
,,
,,
,,
,,
,,
,,
,,
,,
,,
,,
,,
,,
,,
,,
,,
,,
,,
,,
,,
,,
,,
,,
,,
,,
,,
,,
,,
,,
,,
,,
,,
,,
,,
,,
,,
,,
,,
,,
,,
,,
,,
,,
,,
,,
,,
,,
,,
,,
,,
,,
,,
,,
,,
,,
,,
,,
,,
,,
,,
,,
,,
,,
,,
,,
,,
,,
,,
,,
,,
,,
,,
,,
,,
,,
,,
,,
,,
,,
,,
,,
,,
,,
,,
,,
,,
,,
,,
,,
,,
,,
,,
,,
,,
,,
,,
,,
,,
,,
,,
,,
,,
,,
,,
,,
,,
,,
,,
,,
,,
,,
,,
,,
,,
,,
,,
,,
,,
,,
,,
,,
,,
,,
,,
,,
,,
,,
,,
,,
,,
,,
,,
,,
,,
,,
,,
,,
,,
,,
,,
,,
,,
,,
,,
,,
,,
,,
,,
,,
,,
,,
,,
,,
,,
,,
,,
,,
,,
,,
,,
,,
,,
,,
,,
,,
,,
,,
,,
,,
,,
,,
,,
,,
,,
,,
,,
,,
,,
,,
,,
,,
,,
,,
,,
,,
,,
,,
,,
,,
,,
,,
,,
,,
,,
,,
,,
,,
,,
,,
,,
,,
,,
,,
,,
,,
,,
,,
,,
,,
,,
,,
,,
,,
,,
,,
,,
,,
,,
,,
,,
,,
,,
,,
,,
,,
,,
,,
,,
,,
,,
,,
,,
,,
,,
,,
,,
,,
,,
,,
,,
,,
,,
,,
,,
,,
,,
,,
,,
,,
,,
,,
,,
,,
,,
,,
,,
,,
,,
,,
,,
,,
,,
,,
,,
,,
,,
,,
,,
,,
,,
,,
,,
,,
,,
,,
,,
,,
,,
,,
,,
,,
,,
,,
,,
,,
,,
,,
,,
,,
,,
,,
,,
,,
,,
,,
,,
,,
,,
,,
,,
,,
,,
,,
,,
,,
,,
,,
,,
,,
,,
,,
,,
,,
,,
,,
,,
,,
,,
,,
,,
,,
,,
,,
,,
,,
,,
,,
,,
,,
,,
,,
,,
,,
,,
,,
,,
,,
,,
,,
,,
,,
,,
,,
,,
,,
,,
,,
,,
,,
,,
,,
,,
,,
,,
,,
,,
,,
,,
,,
,,
,,
,,
,,
,,
,,
,,
,,
,,
,,
,,
,,
,,
,,
,,
,,
,,
,,
,,
,,
,,
,,
,,
,,
,,
,,
,,
,,
,,
,,
,,
,,
,,
,,
,,
,,
,,
,,
,,
,,
,,
,,
,,
,,
,,
,,
,,
,,
,,
,,
,,
,,
,,
,,
,,
,,
,,
,,
,,
,,
,,
,,
,,
,,
,,
,,
,,
,,
,,
,,
,,
,,
,,
,,
,,
,,
,,
,,
,,
,,
,,
,,
,,
,,
,,
,,
,,
,,
,,
,,
,,
,,
,,
,,
,,
,,
,,
,,
,,
,,
,,
,,
,,
,,
,,
,,
,,
,,
,,
,,
,,
,,
,,
,,
,,
,,
,,
,,
,,
,,
,,
,,
,,
,,
,,
,,
,,
,,
,,
,,
,,
,,
,,
,,
,,
,,
,,
,,
,,
,,
,,
,,
,,
,,
,,
,,
,,
,,
,,
,,
,,
,,
,,
,,
,,
,,
,,
,,
,,
,,
,,
,,
,,
,,
,,
,,
,,
,,
,,
,,
,,
,,
,,
,,
,,
,,
,,
,,
,,
,,
,,
,,
,,
,,
,,
,,
,,
,,
,,
,,
,,
,,
,,
,,
,,
,,
,,
,,
,,
,,
,,
,,
,,
,,
,,
,,
,,
,,
,,
,,
,,
,,
,,
,,
,,
,,
,,
,,
,,
,,
,,
,,
,,
,,
,,
,,
,,
,,
,,
,,
,,
,,
,,
,,
,,
,,
,,
,,
,,
,,
,,
,,
,,
,,
,,
,,
,,
,,
,,
,,
,,
,,
,,
,,
,,
,,
,,
,,
,,
,,
,,
,,
,,
,,
,,
,,
,,
,,
,,
,,
,,
,,
,,
,,
,,
,,
,,
,,
,,
,,
,,
,,
,,
,,
,,
,,
,,
,,
,,
,,
,,
,,
,,
,,
,,
,,
,,
,,
,,
,,
,,
,,
,,
,,
,,
,,
,,
,,
,,
,,
,,
,,
,,
,,
,,
,,
,,
,,
,,
,,
,,
,,
,,
,,
,,
,,
,,
,,
,,
,,
,,
,,
,,
,,
,,
,,
,,
,,
,,
,,
,,
,,
,,
,,
,,
,,
,,
,,
,,
,,
,,
,,
,,
,,
,,
,,
,,
,,
,,
,,
,,
,,
,,
,,
,,
,,
,,
,,
,,
,,
,,
,,
,,
,,
,,
,,
,,
,,
,,
,,
,,
,,
,,
,,
,,
,,
,,
,,
,,
,,
,,
,,
,,
,,
,,
,,
,,
,,
,,
,,
,,
,,
,,
,,
,,
,,
,,
,,
,,
,,
,,
,,
,,
,,
,,
,,
,,
,,
,,
,,
,,
,,
,,
,,
,,
,,
,,
,,
,,
,,
,,
,,
,,
,,
,,
,,
,,
,,
,,
,,
,,
,,
,,
,,
,,
,,
,,
,,
,,
,,
,,
,,
,,
,,
,,
,,
,,
,,
,,
,,
,,
,,
,,
,,
,,
,,
,,
,,
,,
,,
,,
,,
,,
,,
,,
,,
,,
,,
,,
,,
,,
,,
,,
,,
,,
,,
,,
,,
,,
,,
,,
,,
,,
,,
,,
,,
,,
,,
,,
,,
,,
,,
,,
,,
,,
,,
,,
,,
,,
,,
,,
,,
,,
,,
,,
,,
,,
,,
,,
,,
,,
,,
,,
,,
,,
,,
,,
,,
,,
,,
,,
,,
,,
,,
,,
,,
,,
,,
,,
,,
,,
,,
,,
,,
,,
,,
,,
,,
,,
,,
,,
,,
,,
,,
,,
,,
,,
,,
,,
,,
,,
,,
,,
,,
,,
,,
,,
,,
,,
,,
,,
,,
,,
,,
,,
,,
,,
,,
,,
,,
,,
,,
,,
,,
,,
,,
,,
,,
,,
,,
,,
,,
,,
,,
,,
,,
,,
,,
,,
,,
,,
,,
,,
,,
,,
,,
,,
,,
,,
,,
,,
,,
,,
,,
,,
,,
,,
,,
,,
,,
,,
,,
,,
,,
,,
,,
,,
,,
,,
,,
,,
,,
,,
,,
,,
,,
,,
,,
,,
,,
,,
,,
,,
,,
,,
,,
,,
,,
,,
,,
,,
,,
,,
,,
,,
,,
,,
,,
,,
,,
,,
,,
,,
,,
,,
,,
,,
,,
,,
,,
,,
,,
,,
,,
,,
,,
,,
,,
,,
,,
,,
,,
,,
,,
,,
,,
,,
,,
,,
,,
,,
,,
,,
,,
,,
,,
,,
,,
,,
,,
,,
,,
,,
,,
,,
,,
,,
,,
,,
,,
,,
,,
,,
,,
,,
,,
,,
,,
,,
,,
,,
,,
,,
,,
,,
,,
,,
,,
,,
,,
,,
,,
,,
,,
,,
,,
,,
,,
,,
,,
,,
,,
,,
,,
,,
,,
,,
,,
,,
,,
,,
,,
,,
,,
,,
,,
,,
,,
,,
,,
,,
,,
,,
,,
,,
,,
,,
,,
,,
,,
,,
,,
,,
,,
,,
,,
,,
,,
,,
,,
,,
,,
,,
,,
,,
,,
,,
,,
,,
,,
,,
,,
,,
,,
,,
,,
,,
,,
,,
,,
,,
,,
,,
,,
,,
,,
,,
,,
,,
,,
,,
,,
,,
,,
,,
,,
,,
,,
,,
,,
,,
,,
,,
,,
,,
,,
,,
,,
,,
,,
,,
,,
,,
,,
,,
,,
,,
,,
,,
,,
,,
,,
,,
,,
,,
,,
,,
,,
,,
,,
,,
,,
,,
,,
,,
,,
,,
,,
,,
,,
,,
,,
,,
,,
,,
,,
,,
,,
,,
,,
,,
,,
,,
,,
,,
,,
,,
,,
,,
,,
,,
,,
,,
,,
,,
,,
,,
,,
,,
,,
,,
,,
,,
,,
,,
,,
,,
,,
,,
,,
,,
,,
,,
,,
,,
,,
,,
,,
,,
,,
,,
,,
,,
,,
,,
,,
,,
,,
,,
,,
,,
,,
,,
,,
,,
,,
,,
,,
,,
,,
,,
,,
,,
,,
,,
,,
,,
,,
,,
,,
,,
,,
,,
,,
,,
,,
,,
,,
,,
,,
,,
,,
,,
,,
,,
,,
,,
,,
,,
,,
,,
,,
,,
,,
,,
,,
,,
,,
,,
,,
,,
,,
,,
,,
,,
,,
,,
,,
,,
,,
,,
,,
,,
,,
,,
,,
,,
,,
,,
,,
,,
,,
,,
,,
,,
,,
,,
,,
,,
,,
,,
,,
,,
,,
,,
,,
,,
,,
,,
,,
,,
,,
,,
,,
,,
,,
,,
,,
,,
,,
,,
,,
,,
,,
,,
,,
,,
,,
,,
,,
,,
,,
,,
,,
,,
,,
,,
,,
,,
,,
,,
,,
,,
,,
,,
,,
,,
,,
,,
,,
,,
,,
,,
,,
,,
,,
,,
,,
,,
,,
,,
,,
,,
,,
,,
,,
,,
,,
,,
,,
,,
,,
,,
,,
,,
,,
,,
,,
,,
,,
,,
,,
,,
,,
,,
,,
,,
,,
,,
,,
,,
,,
,,
,,
,,
,,
,,
,,
,,
,,
,,
,,
,,
,,
,,
,,
,,
,,
,,
,,
,,
,,
,,
,,
,,
,,
,,
,,
,,
,,
,,
,,
,,
,,
,,
,,
,,
,,
,,
,,
,,
,,
,,
,,
,,
,,
,,
,,
,,
,,
,,
,,
,,
,,
,,
,,
,,
,,
,,
,,
,,
,,
,,
,,
,,
,,
,,
,,
,,
,,
,,
,,
,,
,,
,,
,,
,,
,,
,,
,,
,,
,,
,,
,,
,,
,,
,,
,,
,,
,,
,,
,,
,,
,,
,,
,,
,,
,,
,,
,,
,,
,,
,,
,,
,,
,,
,,
,,
,,
,,
,,
,,
,,
,,
,,
,,
,,
,,
,,
,,
,,
,,
,,
,,
,,
,,
,,
,,
,,
,,
,,
,,
,,
,,
,,
,,
,,
,,
,,
,,
,,
,,
,,
,,
,,
,,
,,
,,
,,
,,
,,
,,
,,
,,
,,
,,
,,
,,
,,
,,
,,
,,
,,
,,
,,
,,
,,
,,
,,
,,
,,
,,
,,
,,
,,
,,
,,
,,
,,
,,
,,
,,
,,
,,
,,
,,
,,
,,
,,
,,
,,
,,
,,
,,
,,
,,
,,
,,
,,
,,
,,
,,
,,
,,
,,
,,
,,
,,
,,
,,
,,
,,
,,
,,
,,
,,
,,
,,
,,
,,
,,
,,
,,
,,
,,
,,
,,
,,
,,
,,
,,
,,
,,
,,
,,
,,
,,
,,
,,
,,
,,
,,
,,
,,
,,
,,
,,
,,
,,
,,
,,
,,
,,
,,
,,
,,
,,
,,
,,
,,
,,
,,
,,
,,
,,
,,
,,
,,
,,
,,
,,
,,
,,
,,
,,
,,
,,
,,
,,
,,
,,
,,
,,
,,
,,
,,
,,
,,
,,
,,
,,
,,
,,
,,
,,
,,
,,
,,
,,
,,
,,
,,
,,
,,
,,
,,
,,
,,
,,
,,
,,
,,
,,
,,
,,
,,
,,
,,
,,
,,
,,
,,
,,
,,
,,
,,
,,
,,
,,
,,
,,
,,
,,
,,
,,
,,
,,
,,
,,
,,
,,
,,
,,
,,
,,
,,
,,
,,
,,
,,
,,
,,
,,
,,
,,
,,
,,
,,
,,
,,
,,
,,
,,
,,
,,
,,
,,
,,
,,
,,
,,
,,
,,
,,
,,
,,
,,
,,
,,
,,
,,
,,
,,
,,
,,
,,
,,
,,
,,
,,
,,
,,
,,
,,
,,
,,
,,
,,
,,
,,
,,
,,
,,
,,
,,
,,
,,
,,
,,
,,
,,
,,
,,
,,
,,
,,
,,
,,
,,
,,
,,
,,
,,
,,
,,
,,
,,
,,
,,
,,
,,
,,
,,
,,
,,
,,
,,
,,
,,
,,
,,
,,
,,
,,
,,
,,
,,
,,
,,
,,
,,
,,
,,
,,
,,
,,
,,
,,
,,
,,
,,
,,
,,
,,
,,
,,
,,
,,
,,
,,
,,
,,
,,
,,
,,
,,
,,
,,
,,
,,
,,
,,
,,
,,
,,
,,
,,
,,
,,
,,
,,
,,
,,
,,
,,
,,
,,
,,
,,
,,
,,
,,
,,
,,
,,
,,
,,
,,
,,
,,
,,
,,
,,
,,
,,
,,
,,
,,
,,
,,
,,
,,
,,
,,
,,
,,
,,
,,
,,
,,
,,
,,
,,
,,
,,
,,
,,
,,
,,
,,
,,
,,
,,
,,
,,
,,
,,
,,
,,
,,
,,
,,
,,
,,
,,
,,
,,
,,
,,
,,
,,
,,
,,
,,
,,
,,
,,
,,
,,
,,
,,
,,
,,
,,
,,
,,
,,
,,
,,
,,
,,
,,
,,
,,
,,
,,
,,
,,
,,
,,
,,
,,
,,
,,
,,
,,
,,
,,
,,
,,
,,
,,
,,
,,
,,
,,
,,
,,
,,
,,
,,
,,
,,
,,
,,
,,
,,
,,
,,
,,
,,
,,
,,
,,
,,
,,
,,
,,
,,
,,
,,
,,
,,
,,
,,
,,
,,
,,
,,
,,
,,
,,
,,
,,
,,
,,
,,
,,
,,
,,
,,
,,
,,
,,
,,
,,
,,
,,
,,
,,
,,
,,
,,
,,
,,
,,
,,
,,
,,
,,
,,
,,
,,
,,
,,
,,
,,
,,
,,
,,
,,
,,
,,
,,
,,
,,
,,
,,
,,
,,
,,
,,
,,
,,
,,
,,
,,
,,
,,
,,
,,
,,
,,
,,
,,
,,
,,
,,
,,
,,
,,
,,
,,
,,
,,
,,
,,
,,
,,
,,
,,
,,
,,
,,
,,
,,
,,
,,
,,
,,
,,
,,
,,
,,
,,
,,
,,
,,
,,
,,
,,
,,
,,
,,
,,
,,
,,
,,
,,
,,
,,
,,
,,
,,
,,
,,
,,
,,
,,
,,
,,
,,
,,
,,
,,
,,
,,
,,
,,
,,
,,
,,
,,
,,
,,
,,
,,
,,
,,
,,
,,
,,
,,
,,
,,
,,
,,
,,
,,
,,
,,
,,
,,
,,
,,
,,
,,
,,
,,
,,
,,
,,
,,
,,
,,
,,
,,
,,
,,
,,
,,
,,
,,
,,
,,
,,
,,
,,
,,
,,
,,
,,
,,
,,
,,
,,
,,
,,
,,
,,
,,
,,
,,
,,
,,
,,
,,
,,
,,
,,
,,
,,
,,
,,
,,
,,
,,
,,
,,
,,
,,
,,
,,
,,
,,
,,
,,
,,
,,
,,
,,
,,
,,
,,
,,
,,
,,
,,
,,
,,
,,
,,
,,
,,
,,
,,
,,
,,
,,
,,
,,
,,
,,
,,
,,
,,
,,
,,
,,
,,
,,
,,
,,
,,
,,
,,
,,
,,
,,
,,
,,
,,
,,
,,
,,
,,
,,
,,
,,
,,
,,
,,
,,
,,
,,
,,
,,
,,
,,
,,
,,
,,
,,
,,
,,
,,
,,
,,
,,
,,
,,
,,
,,
,,
,,
,,
,,
,,
,,
,,
,,
,,
,,
,,
,,
,,
,,
,,
,,
,,
,,
,,
,,
,,
,,
,,
,,
,,
,,
,,
,,
,,
,,
,,
,,
,,
,,
,,
,,
,,
,,
,,
,,
,,
,,
,,
,,
,,
,,
,,
,,
,,
,,
,,
,,
,,
,,
,,
,,
,,
,,
,,
,,
,,
,,
,,
,,
,,
,,
,,
,,
,,
,,
,,
,,
,,
,,
,,
,,
,,
,,
,,
,,
,,
,,
,,
,,
,,
,,
,,
,,
,,
,,
,,
,,
,,
,,
,,
,,
,,
,,
,,
,,
,,
,,
,,
,,
,,
,,
,,
,,
,,
,,
,,
,,
,,
,,
,,
,,
,,
,,
,,
,,
,,
,,
,,
,,
,,
,,
,,
,,
,,
,,
,,
,,
,,
,,
,,
,,
,,
,,
,,
,,
,,
,,
,,
,,
,,
,,
,,
,,
,,
,,
,,
,,
,,
,,
,,
,,
,,
,,
,,
,,
,,
,,
,,
,,
,,
,,
,,
,,
,,
,,
,,
,,
,,
,,
,,
,,
,,
,,
,,
,,
,,
,,
,,
,,
,,
,,
,,
,,
,,
,,
,,
,,
,,
,,
,,
,,
,,
,,
,,
,,
,,
,,
,,
,,
,,
,,
,,
,,
,,
,,
,,
,,
,,
,,
,,
,,
,,
,,
,,
,,
,,
,,
,,
,,
,,
,,
,,
,,
,,
,,
,,
,,
,,
,,
,,
,,
,,
,,
,,
,,
,,
,,
,,
,,
,,
,,
,,
,,
,,
,,
,,
,,
,,
,,
,,
,,
,,
,,
,,
,,
,,
,,
,,
,,
,,
,,
,,
,,
,,
,,
,,
,,
,,
,,
,,
,,
,,
,,
,,
,,
,,
,,
,,
,,
,,
,,
,,
,,
,,
,,
,,
,,
,,
,,
,,
,,
,,
,,
,,
,,
,,
,,
,,
,,
,,
,,
,,
,,
,,
,,
,,
,,
,,
,,
,,
,,
,,
,,
,,
,,
,,
,,
,,
,,
,,
,,
,,
,,
,,
,,
,,
,,
,,
,,
,,
,,
,,
,,
,,
,,
,,
,,
,,
,,
,,
,,
,,
,,
,,
,,
,,
,,
,,
,,
,,
,,
,,
,,
,,
,,
,,
,,
,,
,,
,,
,,
,,
,,
,,
,,
,,
,,
,,
,,
,,
,,
,,
,,
,,
,,
,,
,,
,,
,,
,,
,,
,,
,,
,,
,,
,,
,,
,,
,,
,,
,,
,,
,,
,,
,,
,,
,,
,,
,,
,,
,,
,,
,,
,,
,,
,,
,,
,,
,,
,,
,,
,,
,,
,,
,,
,,
,,
,,
,,
,,
,,
,,
,,
,,
,,
,,
,,
,,
,,
,,
,,
,,
,,
,,
,,
,,
,,
,,
,,
,,
,,
,,
,,
,,
,,
,,
,,
,,
,,
,,
,,
,,
,,
,,
,,
,,
,,
,,
,,
,,
,,
,,
,,
,,
,,
,,
,,
,,
,,
,,
,,
,,
,,
,,
,,
,,
,,
,,
,,
,,
,,
,,
,,
,,
,,
,,
,,
,,
,,
,,
,,
,,
,,
,,
,,
,,
,,
,,
,,
,,
,,
,,
,,
,,
,,
,,
,,
,,
,,
,,
,,
,,
,,
,,
,,
,,
,,
,,
,,
,,
,,
,,
,,
,,
,,
,,
,,
,,
,,
,,
,,
,,
,,
,,
,,
,,
,,
,,
,,
,,
,,
,,
,,
,,
,,
,,
,,
,,
,,
,,
,,
,,
,,
,,
,,
,,
,,
,,
,,
,,
,,
,,
,,
,,
,,
,,
,,
,,
,,
,,
,,
,,
,,
,,
,,
,,
,,
,,
,,
,,
,,
,,
,,
,,
,,
,,
,,
,,
,,
,,
,,
,,
,,
,,
,,
,,
,,
,,
,,
,,
,,
,,
,,
,,
,,
,,
,,
,,
,,
,,
,,
,,
,,
,,
,,
,,
,,
,,
,,
,,
,,
,,
,,
,,
,,
,,
,,
,,
,,
,,
,,
,,
,,
,,
,,
,,
,,
,,
,,
,,
,,
,,
,,
,,
,,
,,
,,
,,
,,
,,
,,
,,
,,
,,
,,
,,
,,
,,
,,
,,
,,
,,
,,
,,
,,
,,
,,
,,
,,
,,
,,
,,
,,
,,
,,
,,
,,
,,
,,
,,
,,
,,
,,
,,
,,
,,
,,
,,
,,
,,
,,
,,
,,
,,
,,
,,
,,
,,
,,
,,
,,
,,
,,
,,
,,
,,
,,
,,
,,
,,
,,
,,
,,
,,
,,
,,
,,
,,
,,
,,
,,
,,
,,
,,
,,
,,
,,
,,
,,
,,
,,
,,
,,
,,
,,
,,
,,
,,
,,
,,
,,
,,
,,
,,
,,
,,
,,
,,
,,
,,
,,
,,
,,
,,
,,
,,
,,
,,
,,
,,
,,
,,
,,
,,
,,
,,
,,
,,
,,
,,
,,
,,
,,
,,
,,
,,
,,
,,
,,
,,
,,
,,
,,
,,
,,
,,
,,
,,
,,
,,
,,
,,
,,
,,
,,
,,
,,
,,
,,
,,
,,
,,
,,
,,
,,
,,
,,
,,
,,
,,
,,
,,
,,
,,
,,
,,
,,
,,
,,
,,
,,
,,
,,
,,
,,
,,
,,
,,
,,
,,
,,
,,
,,
,,
,,
,,
,,
,,
,,
,,
,,
,,
,,
,,
,,
,,
,,
,,
,,
,,
,,
,,
,,
,,
,,
,,
,,
,,
,,
,,
,,
,,
,,
,,
,,
,,
,,
,,
,,
,,
,,
,,
,,
,,
,,
,,
,,
,,
,,
,,
,,
,,
,,
,,
,,
,,
,,
,,
,,
,,
,,
,,
,,
,,
,,
,,
,,
,,
,,
,,
,,
,,
,,
,,
,,
,,
,,
,,
,,
,,
,,
,,
,,
,,
,,
,,
,,
,,
,,
,,
,,
,,
,,
,,
,,
,,
,,
,,
,,
,,
,,
,,
,,
,,
,,
,,
,,
,,
,,
,,
,,
,,
,,
,,
,,
,,
,,
,,
,,
,,
,,
,,
,,
,,
,,
,,
,,
,,
,,
,,
,,
,,
,,
,,
,,
,,
,,
,,
,,
,,
,,
,,
,,
,,
,,
,,
,,
,,
,,
,,
,,
,,
,,
,,
,,
,,
,,
,,
,,
,,
,,
,,
,,
,,
,,
,,
,,
,,
,,
,,
,,
,,
,,
,,
,,
,,
,,
,,
,,
,,
,,
,,
,,
,,
,,
,,
,,
,,
,,
,,
,,
,,
,,
,,
,,
,,
,,
,,
,,
,,
,,
,,
,,
,,
,,
,,
,,
,,
,,
,,
,,
,,
,,
,,
,,
,,
,,
,,
,,
,,
,,
,,
,,
,,
,,
,,
,,
,,
,,
,,
,,
,,
,,
,,
,,
,,
,,
,,
,,
,,
,,
,,
,,
,,
,,
,,
,,
,,
,,
,,
,,
,,
,,
,,
,,
,,
,,
,,
,,
,,
,,
,,
,,
,,
,,
,,
,,
,,
,,
,,
,,
,,
,,
,,
,,
,,
,,
,,
,,
,,
,,
,,
,,
,,
,,
,,
,,
,,
,,
,,
,,
,,
,,
,,
,,
,,
,,
,,
,,
,,
,,
,,
,,
,,
,,
,,
,,
,,
,,
,,
,,
,,
,,
,,
,,
,,
,,
,,
,,
,,
,,
,,
,,
,,
,,
,,
,,
,,
,,
,,
,,
,,
,,
,,
,,
,,
,,
,,
,,
,,
,,
,,
,,
,,
,,
,,
,,
,,
,,
,,
,,
,,
,,
,,
,,
,,
,,
,,
,,
,,
,,
,,
,,
,,
,,
,,
,,
,,
,,
,,
,,
,,
,,
,,
,,
,,
,,
,,
,,
,,
,,
,,
,,
,,
,,
,,
,,
,,
,,
,,
,,
,,
,,
,,
,,
,,
,,
,,
,,
,,
,,
,,
,,
,,
,,
,,
,,
,,
,,
,,
,,
,,
,,
,,
,,
,,
,,
,,
,,
,,
,,
,,
,,
,,
,,
,,
,,
,,
,,
,,
,,
,,
,,
,,
,,
,,
,,
,,
,,
,,
,,
,,
,,
,,
,,
,,
,,
,,
,,
,,
,,
,,
,,
,,
,,
,,
,,
,,
,,
,,
,,
,,
,,
,,
,,
,,
,,
,,
,,
,,
,,
,,
,,
,,
,,
,,
,,
,,
,,
,,
,,
,,
,,
,,
,,
,,
,,
,,
,,
,,
,,
,,
,,
,,
,,
,,
,,
,,
,,
,,
,,
,,
,,
,,
,,
,,
,,
,,
,,
,,
,,
,,
,,
,,
,,
,,
,,
,,
,,
,,
,,
,,
,,
,,
,,
,,
,,
,,
,,
,,
,,
,,
,,
,,
,,
,,
,,
,,
,,
,,
,,
,,
,,
,,
,,
,,
,,
,,
,,
,,
,,
,,
,,
,,
,,
,,
,,
,,
,,
,,
,,
,,
,,
,,
,,
,,
,,
,,
,,
,,
,,
,,
,,
,,
,,
,,
,,
,,
,,
,,
,,
,,
,,
,,
,,
,,
,,
,,
,,
,,
,,
,,
,,
,,
,,
,,
,,
,,
,,
,,
,,
,,
,,
,,
,,
,,
,,
,,
,,
,,
,,
,,
,,
,,
,,
,,
,,
,,
,,
,,
,,
,,
,,
,,
,,
,,
,,
,,
,,
,,
,,
,,
,,
,,
,,
,,
,,
,,
,,
,,
,,
,,
,,
,,
,,
,,
,,
,,
,,
,,
,,
,,
,,
,,
,,
,,
,,
,,
,,
,,
,,
,,
,,
,,
,,
,,
,,
,,
,,
,,
,,
,,
,,
,,
,,
,,
,,
,,
,,
,,
,,
,,
,,
,,
,,
,,
,,
,,
,,
,,
,,
,,
,,
,,
,,
,,
,,
,,
,,
,,
,,
,,
,,
,,
,,
,,
,,
,,
,,
,,
,,
,,
,,
,,
,,
,,
,,
,,
,,
,,
,,
,,
,,
,,
,,
,,
,,
,,
,,
,,
,,
,,
,,
,,
,,
,,
,,
,,
,,
,,
,,
,,
,,
,,
,,
,,
,,
,,
,,
,,
,,
,,
,,
,,
,,
,,
,,
,,
,,
,,
,,
,,
,,
,,
,,
,,
,,
,,
,,
,,
,,
,,
,,
,,
,,
,,
,,
,,
,,
,,
,,
,,
,,
,,
,,
,,
,,
,,
,,
,,
,,
,,
,,
,,
,,
,,
,,
,,
,,
,,
,,
,,
,,
,,
,,
,,
,,
,,
,,
,,
,,
,,
,,
,,
,,
,,
,,
,,
,,
,,
,,
,,
,,
,,
,,
,,
,,
,,
,,
,,
,,
,,
,,
,,
,,
,,
,,
,,
,,
,,
,,
,,
,,
,,
,,
,,
,,
,,
,,
,,
,,
,,
,,
,,
,,
,,
,,
,,
,,
,,
,,
,,
,,
,,
,,
,,
,,
,,
,,
,,
,,
,,
,,
,,
,,
,,
,,
,,
,,
,,
,,
,,
,,
,,
,,
,,
,,
,,
,,
,,
,,
,,
,,
,,
,,
,,
,,
,,
,,
,,
,,
,,
,,
,,
,,
,,
,,
,,
,,
,,
,,
,,
,,
,,
,,
,,
,,
,,
,,
,,
,,
,,
,,
,,
,,
,,
,,
,,
,,
,,
,,
,,
,,
,,
,,
,,
,,
,,
,,
,,
,,
,,
,,
,,
,,
,,
,,
,,
,,
,,
,,
,,
,,
,,
,,
,,
,,
,,
,,
,,
,,
,,
,,
,,
,,
,,
,,
,,
,,
,,
,,
,,
,,
,,
,,
,,
,,
,,
,,
,,
,,
,,
,,
,,
,,
,,
,,
,,
,,
,,
,,
,,
,,
,,
,,
,,
,,
,,
,,
,,
,,
,,
,,
,,
,,
,,
,,
,,
,,
,,
,,
,,
,,
,,
,,
,,
,,
,,
,,
,,
,,
,,
,,
,,
,,
,,
,,
,,
,,
,,
,,
,,
,,
,,
,,
,,
,,
,,
,,
,,
,,
,,
,,
,,
,,
,,
,,
,,
,,
,,
,,
,,
,,
,,
,,
,,
,,
,,
,,
,,
,,
,,
,,
,,
,,
,,
,,
,,
,,
,,
,,
,,
,,
,,
,,
,,
,,
,,
,,
,,
,,
,,
,,
,,
,,
,,
,,
,,
,,
,,
,,
,,
,,
,,
,,
,,
,,
,,
,,
,,
,,
,,
,,
,,
,,
,,
,,
,,
,,
,,
,,
,,
,,
,,
,,
,,
,,
,,
,,
,,
,,
,,
,,
,,
,,
,,
,,
,,
,,
,,
,,
,,
,,
,,
,,
,,
,,
,,
,,
,,
,,
,,
,,
,,
,,
,,
,,
,,
,,
,,
,,
,,
,,
,,
,,
,,
,,
,,
,,
,,
,,
,,
,,
,,
,,
,,
,,
,,
,,
,,
,,
,,
,,
,,
,,
,,
,,
,,
,,
,,
,,
,,
,,
,,
,,
,,
,,
,,
,,
,,
,,
,,
,,
,,
,,
,,
,,
,,
,,
,,
,,
,,
,,
,,
,,
,,
,,
,,
,,
,,
,,
,,
,,
,,
,,
,,
,,
,,
,,
,,
,,
,,
,,
,,
,,
,,
,,
,,
,,
,,
,,
,,
,,
,,
,,
,,
,,
,,
,,
,,
,,
,,
,,
,,
,,
,,
,,
,,
,,
,,
,,
,,
,,
,,
,,
,,
,,
,,
,,
,,
,,
,,
,,
,,
,,
,,
,,
,,
,,
,,
,,
,,
,,
,,
,,
,,
,,
,,
,,
,,
,,
,,
,,
,,
,,
,,
,,
,,
,,
,,
,,
,,
,,
,,
,,
,,
,,
,,
,,
,,
,,
,,
,,
,,
,,
,,
,,
,,
,,
,,
,,
,,
,,
,,
,,
,,
,,
,,
,,
,,
,,
,,
,,
,,
,,
,,
,,
,,
,,
,,
,,
,,
,,
,,
,,
,,
,,
,,
,,
,,
,,
,,
,,
,,
,,
,,
,,
,,
,,
,,
,,
,,
,,
,,
,,
,,
,,
,,
,,
,,
,,
,,
,,
,,
,,
,,
,,
,,
,,
,,
,,
,,
,,
,,
,,
,,
,,
,,
,,
,,
,,
,,
,,
,,
,,
,,
,,
,,
,,
,,
,,
,,
,,
,,
,,
,,
,,
,,
,,
,,
,,
,,
,,
,,
,,
,,
,,
,,
,,
,,
,,
,,
,,
,,
,,
,,
,,
,,
,,
,,
,,
,,
,,
,,
,,
,,
,,
,,
,,
,,
,,
,,
,,
,,
,,
,,
,,
,,
,,
,,
,,
,,
,,
,,
,,
,,
,,
,,
,,
,,
,,
,,
,,
,,
,,
,,
,,
,,
,,
,,
,,
,,
,,
,,
,,
,,
,,
,,
,,
,,
,,
,,
,,
,,
,,
,,
,,
,,
,,
,,
,,
,,
,,
,,
,,
,,
,,
,,
,,
,,
,,
,,
,,
,,
,,
,,
,,
,,
,,
,,
,,
,,
,,
,,
,,
,,
,,
,,
,,
,,
,,
,,
,,
,,
,,
,,
,,
,,
,,
,,
,,
,,
,,
,,
,,
,,
,,
,,
,,
,,
,,
,,
,,
,,
,,
,,
,,
,,
,,
,,
,,
,,
,,
,,
,,
,,
,,
,,
,,
,,
,,
,,
,,
,,
,,
,,
,,
,,
,,
,,
,,
,,
,,
,,
,,
,,
,,
,,
,,
,,
,,
,,
,,
,,
,,
,,
,,
,,
,,
,,
,,
,,
