AccountNumber,UsageRiskIndicator_SUM
ACCT0000006,1
ACCT0000011,0
ACCT0000026,0
ACCT0000029,0
ACCT0000034,0
ACCT0000045,0
ACCT0000046,2
ACCT0000051,0
ACCT0000055,0
ACCT0000058,0
ACCT0000060,5
ACCT0000069,0
ACCT0000070,1
ACCT0000084,1
ACCT0000108,12
ACCT0000114,0
ACCT0000118,1
ACCT0000119,1
ACCT0000129,0
ACCT0000130,0
ACCT0000138,2
ACCT0000144,12
ACCT0000151,2
ACCT0000163,1
ACCT0000170,0
ACCT0000173,1
ACCT0000175,0
ACCT0000179,1
ACCT0000181,0
ACCT0000184,0
ACCT0000186,1
ACCT0000188,0
ACCT0000193,1
ACCT0000199,1
ACCT0000214,0
ACCT0000226,3
ACCT0000231,1
ACCT0000238,0
ACCT0000246,0
ACCT0000248,1
ACCT0000251,0
ACCT0000252,0
ACCT0000257,0
ACCT0000262,12
ACCT0000268,0
ACCT0000273,0
ACCT0000278,0
ACCT0000283,0
ACCT0000288,0
ACCT0000298,1
ACCT0000302,2
ACCT0000306,0
ACCT0000307,0
ACCT0000309,5
ACCT0000312,1
ACCT0000318,0
ACCT0000345,1
ACCT0000360,0
ACCT0000371,12
ACCT0000377,2
ACCT0000380,0
ACCT0000381,2
ACCT0000384,0
ACCT0000387,0
ACCT0000388,0
ACCT0000390,0
ACCT0000391,0
ACCT0000410,0
ACCT0000423,1
ACCT0000431,0
ACCT0000484,0
ACCT0000486,2
ACCT0000487,0
ACCT0000503,0
ACCT0000504,0
ACCT0000512,0
ACCT0000525,1
ACCT0000538,0
ACCT0000544,0
ACCT0000545,0
ACCT0000552,1
ACCT0000556,12
ACCT0000562,2
ACCT0000570,0
ACCT0000572,2
ACCT0000582,0
ACCT0000588,0
ACCT0000596,0
ACCT0000606,2
ACCT0000607,0
ACCT0000621,0
ACCT0000626,0
ACCT0000634,9
ACCT0000636,1
ACCT0000637,2
ACCT0000638,0
ACCT0000639,0
ACCT0000640,0
ACCT0000647,2
ACCT0000659,2
ACCT0000669,0
ACCT0000670,0
ACCT0000671,0
ACCT0000675,0
ACCT0000686,0
ACCT0000696,3
ACCT0000698,1
ACCT0000699,0
ACCT0000702,0
ACCT0000706,0
ACCT0000708,0
ACCT0000721,1
ACCT0000729,0
ACCT0000738,0
ACCT0000741,0
ACCT0000749,1
ACCT0000753,0
ACCT0000761,0
ACCT0000767,0
ACCT0000776,0
ACCT0000778,1
ACCT0000781,0
ACCT0000782,1
ACCT0000785,0
ACCT0000787,0
ACCT0000788,0
ACCT0000817,1
ACCT0000831,1
ACCT0000853,0
ACCT0000854,1
ACCT0000862,1
ACCT0000863,0
ACCT0000866,1
ACCT0000873,0
ACCT0000880,0
ACCT0000893,2
ACCT0000894,1
ACCT0000906,0
ACCT0000917,0
ACCT0000918,0
ACCT0000923,1
ACCT0000924,0
ACCT0000934,2
ACCT0000945,1
ACCT0000962,1
ACCT0000963,2
ACCT0000965,5
ACCT0000970,12
ACCT0000973,1
ACCT0000975,0
ACCT0000982,2
ACCT0000987,12
ACCT0000988,0
ACCT0000989,0
ACCT0000993,1
ACCT0000994,1
ACCT0000998,0
ACCT0001000,0
ACCT0001003,0
ACCT0001004,0
ACCT0001005,6
ACCT0001006,0
ACCT0001012,1
ACCT0001022,0
ACCT0001033,6
ACCT0001034,2
ACCT0001035,0
ACCT0001039,2
ACCT0001047,1
ACCT0001050,2
ACCT0001057,0
ACCT0001059,0
ACCT0001060,3
ACCT0001067,2
ACCT0001074,2
ACCT0001079,6
ACCT0001080,0
ACCT0001086,0
ACCT0001092,0
ACCT0001107,0
ACCT0001144,0
ACCT0001149,0
ACCT0001152,0
ACCT0001153,1
ACCT0001154,1
ACCT0001159,2
ACCT0001162,0
ACCT0001179,0
ACCT0001182,0
ACCT0001184,1
ACCT0001215,0
ACCT0001222,0
ACCT0001223,0
ACCT0001228,1
ACCT0001230,0
ACCT0001241,0
ACCT0001244,1
ACCT0001250,0
ACCT0001257,1
ACCT0001277,1
ACCT0001285,0
ACCT0001290,0
ACCT0001291,0
ACCT0001298,0
ACCT0001300,1
ACCT0001329,0
ACCT0001336,1
ACCT0001348,0
ACCT0001353,1
ACCT0001365,2
ACCT0001379,0
ACCT0001381,0
ACCT0001391,0
ACCT0001417,2
ACCT0001421,1
ACCT0001424,0
ACCT0001425,0
ACCT0001432,0
ACCT0001433,0
ACCT0001436,3
ACCT0001439,1
ACCT0001440,2
ACCT0001448,0
ACCT0001452,0
ACCT0001453,0
ACCT0001456,0
ACCT0001467,0
ACCT0001469,0
ACCT0001471,0
ACCT0001472,0
ACCT0001476,1
ACCT0001494,0
ACCT0001495,0
ACCT0001506,0
ACCT0001507,1
ACCT0001509,0
ACCT0001511,0
ACCT0001513,0
ACCT0001514,0
ACCT0001522,1
ACCT0001528,0
ACCT0001531,0
ACCT0001533,0
ACCT0001534,0
ACCT0001539,0
ACCT0001540,0
ACCT0001567,0
ACCT0001573,0
ACCT0001577,0
ACCT0001584,0
ACCT0001596,2
ACCT0001603,0
ACCT0001615,1
ACCT0001623,0
ACCT0001624,0
ACCT0001630,0
ACCT0001631,0
ACCT0001632,0
ACCT0001633,0
ACCT0001635,0
ACCT0001647,1
ACCT0001650,0
ACCT0001661,0
ACCT0001662,0
ACCT0001671,1
ACCT0001675,0
ACCT0001678,0
ACCT0001681,0
ACCT0001692,1
ACCT0001694,0
ACCT0001696,0
ACCT0001700,0
ACCT0001704,0
ACCT0001708,0
ACCT0001721,0
ACCT0001722,1
ACCT0001731,1
ACCT0001737,1
ACCT0001738,0
ACCT0001754,0
ACCT0001755,0
ACCT0001766,0
ACCT0001772,12
ACCT0001775,1
ACCT0001779,0
ACCT0001789,1
ACCT0001792,2
ACCT0001793,0
ACCT0001835,1
ACCT0001839,0
ACCT0001840,0
ACCT0001841,0
ACCT0001845,1
ACCT0001846,0
ACCT0001847,0
ACCT0001852,0
ACCT0001875,0
ACCT0001908,0
ACCT0001923,0
ACCT0001931,0
ACCT0001955,0
ACCT0001957,0
ACCT0001975,0
ACCT0001981,12
ACCT0002017,0
ACCT0002020,1
ACCT0002025,0
ACCT0002028,0
ACCT0002037,0
ACCT0002044,0
ACCT0002049,0
ACCT0002052,0
ACCT0002079,0
ACCT0002096,2
ACCT0002102,0
ACCT0002104,1
ACCT0002141,1
ACCT0002166,2
ACCT0002183,0
ACCT0002189,0
ACCT0002192,0
ACCT0002195,12
ACCT0002209,0
ACCT0002230,10
ACCT0002237,0
ACCT0002241,1
ACCT0002245,2
ACCT0002250,0
ACCT0002261,0
ACCT0002283,0
ACCT0002290,0
ACCT0002291,0
ACCT0002313,0
ACCT0002317,12
ACCT0002328,0
ACCT0002329,2
ACCT0002330,0
ACCT0002332,0
ACCT0002340,0
ACCT0002342,0
ACCT0002351,2
ACCT0002354,0
ACCT0002355,0
ACCT0002357,4
ACCT0002373,2
ACCT0002376,7
ACCT0002377,2
ACCT0002381,2
ACCT0002384,0
ACCT0002385,0
ACCT0002387,0
ACCT0002390,1
ACCT0002404,0
ACCT0002410,0
ACCT0002414,0
ACCT0002431,0
ACCT0002437,0
ACCT0002453,0
ACCT0002463,2
ACCT0002468,0
ACCT0002469,0
ACCT0002491,0
ACCT0002492,0
ACCT0002499,0
ACCT0002516,1
ACCT0002533,0
ACCT0002564,0
ACCT0002577,0
ACCT0002581,0
ACCT0002583,0
ACCT0002584,0
ACCT0002592,1
ACCT0002606,0
ACCT0002629,12
ACCT0002646,0
ACCT0002649,1
ACCT0002651,5
ACCT0002665,0
ACCT0002678,0
ACCT0002681,0
ACCT0002683,1
ACCT0002693,0
ACCT0002695,0
ACCT0002717,1
ACCT0002750,0
ACCT0002766,0
ACCT0002818,2
ACCT0002829,2
ACCT0002843,1
ACCT0002847,0
ACCT0002884,1
ACCT0002887,0
ACCT0002932,0
ACCT0002940,0
ACCT0002957,1
ACCT0002993,1
ACCT0003009,0
ACCT0003010,0
ACCT0003015,1
ACCT0003016,0
ACCT0003020,0
ACCT0003022,1
ACCT0003031,12
ACCT0003037,2
ACCT0003049,1
ACCT0003058,0
ACCT0003069,1
ACCT0003093,0
ACCT0003100,0
ACCT0003102,0
ACCT0003110,12
ACCT0003122,0
ACCT0003128,0
ACCT0003162,0
ACCT0003193,0
ACCT0003198,0
ACCT0003222,0
ACCT0003234,0
ACCT0003236,0
ACCT0003258,0
ACCT0003291,0
ACCT0003315,3
ACCT0003339,7
ACCT0003342,0
ACCT0003350,0
ACCT0003353,0
ACCT0003355,2
ACCT0003377,1
ACCT0003413,3
ACCT0003438,0
ACCT0003439,1
ACCT0003473,0
ACCT0003498,4
ACCT0003499,1
ACCT0003500,1
ACCT0003505,7
ACCT0003509,1
ACCT0003511,0
ACCT0003514,0
ACCT0003519,1
ACCT0003522,0
ACCT0003523,0
ACCT0003533,0
ACCT0003536,1
ACCT0003549,0
ACCT0003554,0
ACCT0003555,0
ACCT0003563,1
ACCT0003566,0
ACCT0003567,1
ACCT0003571,0
ACCT0003573,0
ACCT0003580,0
ACCT0003583,0
ACCT0003587,2
ACCT0003590,1
ACCT0003594,0
ACCT0003602,0
ACCT0003606,0
ACCT0003607,1
ACCT0003617,1
ACCT0003621,0
ACCT0003627,0
ACCT0003629,2
ACCT0003637,0
ACCT0003641,0
ACCT0003648,0
ACCT0003649,1
ACCT0003653,12
ACCT0003661,0
ACCT0003666,2
ACCT0003679,0
ACCT0003682,0
ACCT0003693,0
ACCT0003702,0
ACCT0003717,2
ACCT0003735,0
ACCT0003749,12
ACCT0003753,0
ACCT0003775,1
ACCT0003776,0
ACCT0003779,0
ACCT0003781,0
ACCT0003791,0
ACCT0003798,1
ACCT0003852,0
ACCT0003875,0
ACCT0003892,0
ACCT0003897,2
ACCT0003926,1
ACCT0003934,1
ACCT0003943,0
ACCT0003956,0
ACCT0003977,1
ACCT0003996,0
ACCT0004007,0
ACCT0004014,0
ACCT0004016,0
ACCT0004018,0
ACCT0004023,0
ACCT0004027,1
ACCT0004029,0
ACCT0004034,3
ACCT0004036,8
ACCT0004043,0
ACCT0004045,0
ACCT0004046,0
ACCT0004047,2
ACCT0004048,1
ACCT0004049,0
ACCT0004050,2
ACCT0004064,0
ACCT0004066,1
ACCT0004067,0
ACCT0004080,1
ACCT0004083,0
ACCT0004084,0
ACCT0004094,0
ACCT0004109,1
ACCT0004125,0
ACCT0004129,0
ACCT0004149,0
ACCT0004159,0
ACCT0004187,0
ACCT0004196,0
ACCT0004200,0
ACCT0004231,1
ACCT0004236,1
ACCT0004240,0
ACCT0004249,0
ACCT0004250,4
ACCT0004251,1
ACCT0004253,0
ACCT0004265,0
ACCT0004278,1
ACCT0004282,0
ACCT0004284,0
ACCT0004286,0
ACCT0004294,1
ACCT0004300,0
ACCT0004305,0
ACCT0004306,2
ACCT0004307,2
ACCT0004315,0
ACCT0004321,4
ACCT0004330,0
ACCT0004333,0
ACCT0004337,0
ACCT0004338,0
ACCT0004341,1
ACCT0004358,0
ACCT0004362,0
ACCT0004363,0
ACCT0004370,0
ACCT0004375,0
ACCT0004379,0
ACCT0004382,5
ACCT0004391,0
ACCT0004393,1
ACCT0004395,0
ACCT0004396,0
ACCT0004400,2
ACCT0004401,0
ACCT0004409,0
ACCT0004412,0
ACCT0004416,0
ACCT0004428,2
ACCT0004452,0
ACCT0004453,1
ACCT0004457,0
ACCT0004458,0
ACCT0004459,0
ACCT0004461,1
ACCT0004464,0
ACCT0004469,0
ACCT0004471,0
ACCT0004475,0
ACCT0004482,0
ACCT0004487,1
ACCT0004503,0
ACCT0004514,1
ACCT0004523,0
ACCT0004525,0
ACCT0004533,0
ACCT0004535,0
ACCT0004550,0
ACCT0004558,2
ACCT0004565,0
ACCT0004568,0
ACCT0004574,1
ACCT0004581,0
ACCT0004584,2
ACCT0004586,0
ACCT0004600,1
ACCT0004618,5
ACCT0004632,0
ACCT0004633,1
ACCT0004661,0
ACCT0004664,1
ACCT0004670,1
ACCT0004684,0
ACCT0004686,0
ACCT0004687,0
ACCT0004699,0
ACCT0004702,1
ACCT0004707,1
ACCT0004726,0
ACCT0004735,2
ACCT0004748,2
ACCT0004751,0
ACCT0004753,0
ACCT0004754,0
ACCT0004755,3
ACCT0004756,0
ACCT0004769,2
ACCT0004772,0
ACCT0004781,0
ACCT0004784,2
ACCT0004798,0
ACCT0004803,0
ACCT0004826,0
ACCT0004838,1
ACCT0004839,3
ACCT0004842,1
ACCT0004849,0
ACCT0004855,0
ACCT0004866,2
ACCT0004868,1
ACCT0004870,0
ACCT0004879,0
ACCT0004888,10
ACCT0004892,0
ACCT0004897,1
ACCT0004901,1
ACCT0004902,0
ACCT0004905,2
ACCT0004906,0
ACCT0004908,1
ACCT0004909,1
ACCT0004911,0
ACCT0004916,0
ACCT0004919,2
ACCT0004932,0
ACCT0004936,0
ACCT0004940,1
ACCT0004941,1
ACCT0004944,0
ACCT0004952,4
ACCT0004957,0
ACCT0004960,0
ACCT0004962,0
ACCT0004965,0
ACCT0004967,0
ACCT0004969,0
ACCT0004976,0
ACCT0004990,0
ACCT0005006,6
ACCT0005017,0
ACCT0005021,1
ACCT0005022,0
ACCT0005029,0
ACCT0005041,0
ACCT0005044,2
ACCT0005053,1
ACCT0005058,0
ACCT0005065,0
ACCT0005071,0
ACCT0005083,4
ACCT0005087,1
ACCT0005097,0
ACCT0005098,1
ACCT0005102,1
ACCT0005108,1
ACCT0005111,1
ACCT0005114,0
ACCT0005116,12
ACCT0005124,0
ACCT0005141,0
ACCT0005144,1
ACCT0005146,0
ACCT0005148,0
ACCT0005154,1
ACCT0005164,3
ACCT0005165,0
ACCT0005170,0
ACCT0005176,0
ACCT0005178,12
ACCT0005190,12
ACCT0005194,0
ACCT0005200,0
ACCT0005204,1
ACCT0005209,0
ACCT0005221,0
ACCT0005231,6
ACCT0005233,0
ACCT0005241,0
ACCT0005246,0
ACCT0005260,1
ACCT0005275,1
ACCT0005276,0
ACCT0005277,0
ACCT0005278,0
ACCT0005281,1
ACCT0005286,0
ACCT0005287,0
ACCT0005291,0
ACCT0005310,0
ACCT0005311,12
ACCT0005316,0
ACCT0005323,0
ACCT0005326,3
ACCT0005330,1
ACCT0005345,0
ACCT0005347,0
ACCT0005350,0
ACCT0005351,0
ACCT0005352,0
ACCT0005373,0
ACCT0005378,1
ACCT0005381,0
ACCT0005388,0
ACCT0005396,0
ACCT0005413,0
ACCT0005415,1
ACCT0005420,0
ACCT0005425,0
ACCT0005428,0
ACCT0005429,10
ACCT0005432,0
ACCT0005436,1
ACCT0005438,0
ACCT0005440,2
ACCT0005443,0
ACCT0005456,0
ACCT0005469,0
ACCT0005472,0
ACCT0005478,0
ACCT0005491,0
ACCT0005506,1
ACCT0005525,3
ACCT0005531,4
ACCT0005533,2
ACCT0005537,1
ACCT0005545,0
ACCT0005550,1
ACCT0005556,3
ACCT0005560,0
ACCT0005561,6
ACCT0005566,0
ACCT0005571,0
ACCT0005585,0
ACCT0005593,0
ACCT0005594,1
ACCT0005595,0
ACCT0005596,1
ACCT0005598,1
ACCT0005600,0
ACCT0005602,0
ACCT0005603,0
ACCT0005604,1
ACCT0005606,0
ACCT0005607,3
ACCT0005624,12
ACCT0005630,0
ACCT0005645,0
ACCT0005646,0
ACCT0005650,1
ACCT0005661,2
ACCT0005663,1
ACCT0005673,1
ACCT0005684,2
ACCT0005693,0
ACCT0005695,0
ACCT0005707,0
ACCT0005712,1
ACCT0005722,0
ACCT0005725,0
ACCT0005726,0
ACCT0005737,0
ACCT0005742,1
ACCT0005751,0
ACCT0005752,0
ACCT0005759,2
ACCT0005766,0
ACCT0005767,0
ACCT0005769,0
ACCT0005773,2
ACCT0005775,0
ACCT0005778,0
ACCT0005785,0
ACCT0005788,0
ACCT0005795,1
ACCT0005796,1
ACCT0005806,0
ACCT0005817,1
ACCT0005819,1
ACCT0005824,0
ACCT0005825,12
ACCT0005830,0
ACCT0005831,2
ACCT0005837,0
ACCT0005838,0
ACCT0005848,0
ACCT0005869,1
ACCT0005872,1
ACCT0005885,0
ACCT0005896,0
ACCT0005899,2
ACCT0005906,1
ACCT0005919,2
ACCT0005931,0
ACCT0005937,0
ACCT0005940,12
ACCT0005941,0
ACCT0005951,0
ACCT0005961,1
ACCT0005970,0
ACCT0005972,0
ACCT0005976,1
ACCT0005978,1
ACCT0005990,1
ACCT0005995,2
ACCT0006001,0
ACCT0006016,1
ACCT0006020,0
ACCT0006021,0
ACCT0006022,0
ACCT0006024,0
ACCT0006029,0
ACCT0006035,0
ACCT0006037,0
ACCT0006041,0
ACCT0006045,0
ACCT0006050,4
ACCT0006128,1
ACCT0006129,1
ACCT0006131,0
ACCT0006132,0
ACCT0006135,0
ACCT0006138,0
ACCT0006140,2
ACCT0006141,0
ACCT0006149,1
ACCT0006151,1
ACCT0006169,0
ACCT0006177,1
ACCT0006180,0
ACCT0006188,1
ACCT0006194,0
ACCT0006199,0
ACCT0006200,0
ACCT0006202,0
ACCT0006206,1
ACCT0006209,4
ACCT0006211,0
ACCT0006214,3
ACCT0006219,0
ACCT0006221,12
ACCT0006224,0
ACCT0006225,0
ACCT0006257,1
ACCT0006261,1
ACCT0006264,4
ACCT0006275,0
ACCT0006278,0
ACCT0006316,0
ACCT0006338,0
ACCT0006351,1
ACCT0006353,0
ACCT0006355,0
ACCT0006358,0
ACCT0006367,1
ACCT0006371,0
ACCT0006393,0
ACCT0006397,0
ACCT0006399,1
ACCT0006400,2
ACCT0006404,12
ACCT0006405,0
ACCT0006412,0
ACCT0006417,0
ACCT0006419,0
ACCT0006427,12
ACCT0006441,0
ACCT0006442,1
ACCT0006457,1
ACCT0006479,0
ACCT0006489,1
ACCT0006516,1
ACCT0006540,1
ACCT0006542,0
ACCT0006544,0
ACCT0006555,1
ACCT0006558,0
ACCT0006562,0
ACCT0006565,0
ACCT0006569,0
ACCT0006577,0
ACCT0006580,2
ACCT0006581,2
ACCT0006583,0
ACCT0006591,0
ACCT0006615,1
ACCT0006630,2
ACCT0006635,1
ACCT0006636,0
ACCT0006647,1
ACCT0006657,1
ACCT0006667,1
ACCT0006685,0
ACCT0006691,0
ACCT0006695,2
ACCT0006701,0
ACCT0006702,0
ACCT0006709,1
ACCT0006710,0
ACCT0006716,4
ACCT0006719,0
ACCT0006721,1
ACCT0006723,0
ACCT0006727,0
ACCT0006751,0
ACCT0006757,0
ACCT0006760,1
ACCT0006763,0
ACCT0006768,3
ACCT0006769,0
ACCT0006774,1
ACCT0006779,0
ACCT0006780,0
ACCT0006781,2
ACCT0006785,7
ACCT0006790,0
ACCT0006796,0
ACCT0006802,0
ACCT0006809,0
ACCT0006810,0
ACCT0006824,0
ACCT0006831,1
ACCT0006833,0
ACCT0006834,1
ACCT0006842,0
ACCT0006851,0
ACCT0006854,0
ACCT0006856,0
ACCT0006858,1
ACCT0006863,1
ACCT0006867,2
ACCT0006868,0
ACCT0006869,1
ACCT0006871,0
ACCT0006872,1
ACCT0006887,1
ACCT0006897,0
ACCT0006903,0
ACCT0006905,0
ACCT0006906,1
ACCT0006910,0
ACCT0006915,2
ACCT0006917,0
ACCT0006930,0
ACCT0006933,12
ACCT0006937,1
ACCT0006939,1
ACCT0006940,0
ACCT0006942,1
ACCT0006943,0
ACCT0006946,0
ACCT0006947,0
ACCT0006958,0
ACCT0006966,0
ACCT0006970,0
ACCT0006980,0
ACCT0006981,7
ACCT0006991,0
ACCT0007001,0
ACCT0007002,1
ACCT0007003,1
ACCT0007006,2
ACCT0007013,0
ACCT0007014,0
ACCT0007017,0
ACCT0007021,1
ACCT0007046,0
ACCT0007048,0
ACCT0007051,2
ACCT0007066,0
ACCT0007071,1
ACCT0007074,2
ACCT0007075,12
ACCT0007078,0
ACCT0007085,0
ACCT0007086,4
ACCT0007100,0
ACCT0007101,0
ACCT0007102,3
ACCT0007118,0
ACCT0007140,0
ACCT0007151,0
ACCT0007160,0
ACCT0007162,0
ACCT0007163,1
ACCT0007180,0
ACCT0007184,0
ACCT0007188,0
ACCT0007194,0
ACCT0007202,0
ACCT0007205,2
ACCT0007222,1
ACCT0007236,0
ACCT0007243,2
ACCT0007249,12
ACCT0007251,0
ACCT0007254,1
ACCT0007282,3
ACCT0007293,0
ACCT0007296,0
ACCT0007305,2
ACCT0007313,2
ACCT0007315,0
ACCT0007321,1
ACCT0007323,1
ACCT0007329,9
ACCT0007331,2
ACCT0007336,1
ACCT0007338,0
ACCT0007340,0
ACCT0007346,0
ACCT0007350,4
ACCT0007351,1
ACCT0007361,0
ACCT0007369,0
ACCT0007374,1
ACCT0007375,0
ACCT0007386,0
ACCT0007394,0
ACCT0007424,0
ACCT0007430,0
ACCT0007431,1
ACCT0007452,2
ACCT0007454,1
ACCT0007462,0
ACCT0007464,0
ACCT0007491,0
ACCT0007515,1
ACCT0007516,0
ACCT0007517,0
ACCT0007524,1
ACCT0007526,2
ACCT0007527,0
ACCT0007530,1
ACCT0007538,0
ACCT0007540,0
ACCT0007549,1
ACCT0007551,0
ACCT0007555,1
ACCT0007570,0
ACCT0007574,2
ACCT0007575,0
ACCT0007576,0
ACCT0007577,0
ACCT0007580,0
ACCT0007588,1
ACCT0007590,1
ACCT0007591,0
ACCT0007593,0
ACCT0007595,0
ACCT0007596,0
ACCT0007601,1
ACCT0007628,3
ACCT0007633,0
ACCT0007644,0
ACCT0007651,0
ACCT0007661,0
ACCT0007666,0
ACCT0007673,0
ACCT0007684,0
ACCT0007689,0
ACCT0007699,0
ACCT0007709,0
ACCT0007710,0
ACCT0007717,1
ACCT0007727,2
ACCT0007729,0
ACCT0007734,1
ACCT0007754,0
ACCT0007759,0
ACCT0007765,0
ACCT0007767,0
ACCT0007769,0
ACCT0007771,0
ACCT0007772,0
ACCT0007785,3
ACCT0007788,0
ACCT0007789,0
ACCT0007889,1
ACCT0007905,0
ACCT0007906,4
ACCT0007907,0
ACCT0007908,7
ACCT0007913,0
ACCT0007932,0
ACCT0007947,0
ACCT0007948,0
ACCT0007953,0
ACCT0007961,0
ACCT0007982,0
ACCT0007985,0
ACCT0007994,2
ACCT0008002,0
ACCT0008006,0
ACCT0008008,0
ACCT0008020,1
ACCT0008027,1
ACCT0008030,1
ACCT0008034,0
ACCT0008045,1
ACCT0008049,0
ACCT0008067,1
ACCT0008072,0
ACCT0008087,1
ACCT0008090,0
ACCT0008096,0
ACCT0008098,3
ACCT0008100,1
ACCT0008111,0
ACCT0008120,1
ACCT0008123,1
ACCT0008126,0
ACCT0008135,0
ACCT0008138,0
ACCT0008139,0
ACCT0008154,1
ACCT0008159,0
ACCT0008176,4
ACCT0008185,0
ACCT0008188,1
ACCT0008190,2
ACCT0008191,1
ACCT0008192,0
ACCT0008196,1
ACCT0008198,0
ACCT0008200,0
ACCT0008201,0
ACCT0008202,0
ACCT0008205,12
ACCT0008207,1
ACCT0008211,1
ACCT0008222,0
ACCT0008251,0
ACCT0008296,1
ACCT0008299,0
ACCT0008325,0
ACCT0008327,1
ACCT0008355,1
ACCT0008371,0
ACCT0008372,0
ACCT0008382,0
ACCT0008385,2
ACCT0008393,0
ACCT0008394,1
ACCT0008395,0
ACCT0008411,12
ACCT0008424,0
ACCT0008460,0
ACCT0008471,1
ACCT0008485,1
ACCT0008502,0
ACCT0008503,0
ACCT0008506,0
ACCT0008513,0
ACCT0008519,0
ACCT0008531,2
ACCT0008543,2
ACCT0008552,0
ACCT0008584,0
ACCT0008591,2
ACCT0008597,0
ACCT0008603,0
ACCT0008609,0
ACCT0008612,2
ACCT0008614,0
ACCT0008619,0
ACCT0008620,0
ACCT0008622,0
ACCT0008624,0
ACCT0008626,0
ACCT0008666,0
ACCT0008668,0
ACCT0008674,0
ACCT0008675,1
ACCT0008678,0
ACCT0008685,0
ACCT0008700,0
ACCT0008702,12
ACCT0008706,0
ACCT0008708,0
ACCT0008715,0
ACCT0008720,0
ACCT0008725,3
ACCT0008763,2
ACCT0008784,0
ACCT0008786,0
ACCT0008787,0
ACCT0008788,0
ACCT0008790,1
ACCT0008797,0
ACCT0008798,1
ACCT0008799,0
ACCT0008809,0
ACCT0008810,1
ACCT0008813,0
ACCT0008826,1
ACCT0008834,6
ACCT0008837,0
ACCT0008838,0
ACCT0008844,0
ACCT0008853,0
ACCT0008862,3
ACCT0008866,0
ACCT0008872,0
ACCT0008877,2
ACCT0008897,1
ACCT0008900,0
ACCT0008901,0
ACCT0008909,1
ACCT0008910,0
ACCT0008918,2
ACCT0008920,0
ACCT0008923,0
ACCT0008934,0
ACCT0008937,0
ACCT0008938,0
ACCT0008945,2
ACCT0008952,0
ACCT0008962,0
ACCT0008978,0
ACCT0009001,0
ACCT0009003,1
ACCT0009011,1
ACCT0009012,0
ACCT0009023,0
ACCT0009037,0
ACCT0009039,0
ACCT0009048,0
ACCT0009051,0
ACCT0009054,1
ACCT0009059,0
ACCT0009060,0
ACCT0009084,0
ACCT0009086,0
ACCT0009093,2
ACCT0009095,0
ACCT0009099,0
ACCT0009102,0
ACCT0009109,0
ACCT0009110,0
ACCT0009119,0
ACCT0009121,0
ACCT0009126,0
ACCT0009129,0
ACCT0009136,1
ACCT0009137,0
ACCT0009138,3
ACCT0009145,0
ACCT0009152,0
ACCT0009156,0
ACCT0009158,2
ACCT0009159,0
ACCT0009160,1
ACCT0009163,0
ACCT0009167,0
ACCT0009168,0
ACCT0009175,0
ACCT0009176,0
ACCT0009179,1
ACCT0009186,0
ACCT0009187,0
ACCT0009189,1
ACCT0009193,1
ACCT0009199,3
ACCT0009219,1
ACCT0009221,1
ACCT0009228,12
ACCT0009233,0
ACCT0009239,0
ACCT0009242,1
ACCT0009249,0
ACCT0009250,0
ACCT0009251,0
ACCT0009252,0
ACCT0009253,2
ACCT0009254,0
ACCT0009260,0
ACCT0009274,2
ACCT0009278,0
ACCT0009280,0
ACCT0009300,0
ACCT0009303,0
ACCT0009320,0
ACCT0009333,0
ACCT0009343,0
ACCT0009347,3
ACCT0009356,0
ACCT0009359,0
ACCT0009382,0
ACCT0009389,1
ACCT0009392,1
ACCT0009402,0
ACCT0009424,0
ACCT0009437,0
ACCT0009443,1
ACCT0009460,0
ACCT0009466,0
ACCT0009473,0
ACCT0009486,0
ACCT0009503,0
ACCT0009505,0
ACCT0009509,0
ACCT0009510,0
ACCT0009512,0
ACCT0009515,1
ACCT0009519,0
ACCT0009520,0
ACCT0009532,3
ACCT0009534,0
ACCT0009539,0
ACCT0009546,0
ACCT0009552,0
ACCT0009555,0
ACCT0009556,0
ACCT0009568,0
ACCT0009570,0
ACCT0009574,0
ACCT0009579,1
ACCT0009581,1
ACCT0009582,0
ACCT0009601,1
ACCT0009607,0
ACCT0009608,0
ACCT0009611,1
ACCT0009617,0
ACCT0009620,0
ACCT0009624,0
ACCT0009636,10
ACCT0009642,0
ACCT0009647,0
ACCT0009659,1
ACCT0009661,0
ACCT0009694,1
ACCT0009713,0
ACCT0009714,2
ACCT0009721,0
ACCT0009725,0
ACCT0009731,0
ACCT0009737,1
ACCT0009738,0
ACCT0009744,0
ACCT0009747,2
ACCT0009752,0
ACCT0009757,0
ACCT0009758,0
ACCT0009759,0
ACCT0009768,1
ACCT0009771,0
ACCT0009772,0
ACCT0009787,0
ACCT0009789,0
ACCT0009790,2
ACCT0009792,0
ACCT0009795,2
ACCT0009807,0
ACCT0009838,0
ACCT0009839,0
ACCT0009841,0
ACCT0009845,2
ACCT0009849,0
ACCT0009851,1
ACCT0009853,0
ACCT0009854,0
ACCT0009861,0
ACCT0009865,0
ACCT0009874,0
ACCT0009879,1
ACCT0009880,1
ACCT0009882,1
ACCT0009895,0
ACCT0009897,0
ACCT0009901,0
ACCT0009908,0
ACCT0009926,0
ACCT0009936,0
ACCT0009944,2
ACCT0009956,0
ACCT0009966,0
ACCT0009974,0
ACCT0009978,0
ACCT0009982,0
ACCT0009986,0
ACCT0010000,0
ACCT0010061,1
ACCT0010062,0
ACCT0010064,0
ACCT0010069,0
ACCT0010070,0
ACCT0010071,0
ACCT0010073,0
ACCT0010080,0
ACCT0010086,0
ACCT0010087,0
ACCT0010092,1
ACCT0010100,0
ACCT0010110,0
ACCT0010113,2
ACCT0010120,0
ACCT0010123,0
ACCT0010139,2
ACCT0010165,0
ACCT0010171,0
ACCT0010173,0
ACCT0010194,0
ACCT0010198,0
ACCT0010216,0
ACCT0010221,0
ACCT0010230,0
ACCT0010236,1
ACCT0010239,0
ACCT0010240,0
ACCT0010245,0
ACCT0010250,0
ACCT0010253,0
ACCT0010261,0
ACCT0010285,0
ACCT0010291,0
ACCT0010292,0
ACCT0010297,3
ACCT0010313,0
ACCT0010314,2
ACCT0010338,9
ACCT0010344,0
ACCT0010346,1
ACCT0010358,0
ACCT0010367,0
ACCT0010368,0
ACCT0010369,0
ACCT0010376,7
ACCT0010378,1
ACCT0010395,0
ACCT0010401,1
ACCT0010415,1
ACCT0010416,0
ACCT0010463,0
ACCT0010470,0
ACCT0010471,0
ACCT0010481,0
ACCT0010488,0
ACCT0010493,0
ACCT0010508,0
ACCT0010528,1
ACCT0010542,0
ACCT0010553,1
ACCT0010569,0
ACCT0010572,0
ACCT0010576,0
ACCT0010585,0
ACCT0010587,0
ACCT0010592,12
ACCT0010596,1
ACCT0010599,0
ACCT0010600,1
ACCT0010602,1
ACCT0010605,0
ACCT0010610,0
ACCT0010614,0
ACCT0010615,0
ACCT0010630,2
ACCT0010637,12
ACCT0010645,1
ACCT0010646,0
ACCT0010658,0
ACCT0010660,1
ACCT0010661,2
ACCT0010676,2
ACCT0010678,0
ACCT0010680,0
ACCT0010684,0
ACCT0010685,0
ACCT0010686,0
ACCT0010691,1
ACCT0010696,0
ACCT0010697,0
ACCT0010699,0
ACCT0010701,0
ACCT0010712,0
ACCT0010715,2
ACCT0010718,0
ACCT0010730,2
ACCT0010732,0
ACCT0010737,1
ACCT0010738,0
ACCT0010741,0
ACCT0010742,0
ACCT0010747,0
ACCT0010748,3
ACCT0010752,0
ACCT0010753,2
ACCT0010754,3
ACCT0010759,0
ACCT0010766,0
ACCT0010771,0
ACCT0010777,12
ACCT0010782,0
ACCT0010784,1
ACCT0010786,0
ACCT0010795,0
ACCT0010796,0
ACCT0010808,2
ACCT0010809,0
ACCT0010817,0
ACCT0010819,0
ACCT0010822,2
ACCT0010824,0
ACCT0010828,1
ACCT0010830,0
ACCT0010834,1
ACCT0010835,0
ACCT0010852,1
ACCT0010857,0
ACCT0010859,0
ACCT0010863,0
ACCT0010873,0
ACCT0010889,1
ACCT0010890,1
ACCT0010895,0
ACCT0010896,1
ACCT0010898,0
ACCT0010913,0
ACCT0010914,0
ACCT0010925,1
ACCT0010932,0
ACCT0010954,1
ACCT0010960,2
ACCT0010975,2
ACCT0010976,0
ACCT0010978,0
ACCT0010990,1
ACCT0010991,1
ACCT0010992,0
ACCT0010994,0
ACCT0011026,3
ACCT0011028,1
ACCT0011031,0
ACCT0011046,1
ACCT0011068,0
ACCT0011074,0
ACCT0011080,1
ACCT0011082,0
ACCT0011086,0
ACCT0011105,2
ACCT0011124,2
ACCT0011126,0
ACCT0011139,0
ACCT0011147,0
ACCT0011180,0
ACCT0011251,0
ACCT0011263,0
ACCT0011308,0
ACCT0011367,0
ACCT0011398,1
ACCT0011410,1
ACCT0011447,1
ACCT0011453,4
ACCT0011531,2
ACCT0011656,0
ACCT0011844,0
ACCT0011911,0
ACCT0011962,0
ACCT0012038,0
ACCT0012115,0
ACCT0012116,0
ACCT0012126,0
ACCT0012212,0
ACCT0012230,1
ACCT0012235,0
ACCT0012391,1
ACCT0012457,1
ACCT0012489,0
ACCT0012652,0
ACCT0012678,0
ACCT0012682,1
ACCT0012770,1
ACCT0012816,7
ACCT0012889,1
ACCT0012914,0
ACCT0012956,0
ACCT0012962,12
ACCT0013128,3
ACCT0013160,0
ACCT0013258,2
ACCT0013273,0
ACCT0013280,1
ACCT0013288,0
ACCT0013295,0
ACCT0013300,0
ACCT0013314,0
ACCT0013318,1
ACCT0013323,12
ACCT0013326,1
ACCT0013333,0
ACCT0013340,0
ACCT0013355,0
ACCT0013357,0
ACCT0013370,0
ACCT0013377,1
ACCT0013388,0
ACCT0013390,0
ACCT0013748,0
ACCT0013750,2
ACCT0013970,3
ACCT0013975,7
ACCT0013981,0
ACCT0013986,0
ACCT0013996,0
ACCT0014001,0
ACCT0014006,0
ACCT0014007,1
ACCT0014014,0
ACCT0014023,0
ACCT0014027,0
ACCT0014046,0
ACCT0014058,2
ACCT0014060,0
ACCT0014072,1
ACCT0014087,1
ACCT0014110,0
ACCT0014119,0
ACCT0014128,4
ACCT0014130,0
ACCT0014138,0
ACCT0014157,0
ACCT0014164,0
ACCT0014165,1
ACCT0014177,1
ACCT0014187,0
ACCT0014188,0
ACCT0014190,0
ACCT0014222,0
ACCT0014231,1
ACCT0014232,0
ACCT0014240,0
ACCT0014250,1
ACCT0014252,0
ACCT0014256,0
ACCT0014259,1
ACCT0014262,0
ACCT0014264,0
ACCT0014272,2
ACCT0014273,0
ACCT0014288,0
ACCT0014298,0
ACCT0014302,1
ACCT0014309,4
ACCT0014311,1
ACCT0014312,1
ACCT0014337,0
ACCT0014338,0
ACCT0014351,0
ACCT0014354,0
ACCT0014356,1
ACCT0014357,0
ACCT0014358,0
ACCT0014359,2
ACCT0014361,0
ACCT0014372,0
ACCT0014374,1
ACCT0014384,0
ACCT0014391,0
ACCT0014412,0
ACCT0014458,3
ACCT0014494,12
ACCT0014507,0
ACCT0014534,1
ACCT0014535,0
ACCT0014538,0
ACCT0014545,0
ACCT0014577,0
ACCT0014585,0
ACCT0014681,0
ACCT0014720,0
ACCT0014871,0
ACCT0014932,7
ACCT0014943,2
ACCT0014958,0
ACCT0014963,0
ACCT0014974,1
ACCT0014979,0
ACCT0014982,3
ACCT0014999,2
ACCT0015010,1
ACCT0015020,1
ACCT0015055,0
ACCT0015065,0
ACCT0015094,1
ACCT0015109,0
ACCT0015128,0
ACCT0015169,0
ACCT0015283,0
ACCT0015341,0
ACCT0015458,2
ACCT0015462,0
ACCT0015467,0
ACCT0015471,0
ACCT0015480,0
ACCT0015481,0
ACCT0015490,1
ACCT0015505,0
ACCT0015506,0
ACCT0015507,3
ACCT0015508,0
ACCT0015511,0
ACCT0015522,0
ACCT0015564,0
ACCT0015565,1
ACCT0015568,0
ACCT0015572,3
ACCT0015587,0
ACCT0015590,0
ACCT0015598,0
ACCT0015600,0
ACCT0015603,0
ACCT0015609,0
ACCT0015619,0
ACCT0015629,12
ACCT0015630,0
ACCT0015632,1
ACCT0015638,1
ACCT0015643,0
ACCT0015654,1
ACCT0015662,0
ACCT0015683,0
ACCT0015694,0
ACCT0015695,0
ACCT0015702,12
ACCT0015703,2
ACCT0015705,0
ACCT0015707,0
ACCT0015709,0
ACCT0015710,0
ACCT0015712,0
ACCT0015713,0
ACCT0015715,0
ACCT0015721,0
ACCT0015722,0
ACCT0015736,2
ACCT0015737,1
ACCT0015740,0
ACCT0015742,0
ACCT0015743,1
ACCT0015760,12
ACCT0015765,0
ACCT0015766,1
ACCT0015768,0
ACCT0015772,2
ACCT0015773,1
ACCT0015795,0
ACCT0015797,0
ACCT0015806,0
ACCT0015817,1
ACCT0015825,0
ACCT0015842,2
ACCT0015845,3
ACCT0015850,0
ACCT0015871,1
ACCT0015874,0
ACCT0015905,0
ACCT0015923,0
ACCT0015929,2
ACCT0015930,0
ACCT0015949,0
ACCT0015955,2
ACCT0015956,3
ACCT0015959,0
ACCT0015960,0
ACCT0015967,1
ACCT0015972,0
ACCT0015974,2
ACCT0015976,0
ACCT0015979,0
ACCT0015990,3
ACCT0015993,0
ACCT0015994,0
ACCT0015999,1
ACCT0016005,0
ACCT0016014,0
ACCT0016017,0
ACCT0016033,0
ACCT0016043,0
ACCT0016045,0
ACCT0016078,12
ACCT0016129,0
ACCT0016132,0
ACCT0016137,0
ACCT0016142,0
ACCT0016241,0
ACCT0016393,1
ACCT0016441,1
ACCT0016582,0
ACCT0016593,0
ACCT0016594,0
ACCT0016605,2
ACCT0016618,2
ACCT0016633,1
ACCT0016664,2
ACCT0016675,0
ACCT0016683,0
ACCT0016688,0
ACCT0016692,0
ACCT0016701,0
ACCT0016705,1
ACCT0016716,1
ACCT0016738,0
ACCT0016773,0
ACCT0016788,2
ACCT0016801,0
ACCT0016808,0
ACCT0016814,0
ACCT0016863,0
ACCT0016874,0
ACCT0016878,0
ACCT0016882,0
ACCT0016894,4
ACCT0016923,0
ACCT0016960,0
ACCT0016987,3
ACCT0016998,0
ACCT0017011,0
ACCT0017023,0
ACCT0017030,6
ACCT0017037,0
ACCT0017039,0
ACCT0017042,0
ACCT0017043,2
ACCT0017046,0
ACCT0017072,1
ACCT0017073,0
ACCT0017080,1
ACCT0017090,0
ACCT0017109,4
ACCT0017110,5
ACCT0017113,0
ACCT0017119,0
ACCT0017125,0
ACCT0017134,0
ACCT0017143,0
ACCT0017153,0
ACCT0017159,0
ACCT0017161,0
ACCT0017168,0
ACCT0017173,0
ACCT0017183,0
ACCT0017186,0
ACCT0017187,0
ACCT0017188,0
ACCT0017193,0
ACCT0017197,1
ACCT0017205,0
ACCT0017214,0
ACCT0017220,1
ACCT0017232,0
ACCT0017243,0
ACCT0017246,1
ACCT0017254,0
ACCT0017328,12
ACCT0017336,2
ACCT0017353,0
ACCT0017476,0
ACCT0017486,0
ACCT0017515,0
ACCT0017584,12
ACCT0017621,0
ACCT0017690,0
ACCT0017715,2
ACCT0017755,0
ACCT0017829,12
ACCT0017894,0
ACCT0017899,0
ACCT0017914,0
ACCT0017959,0
ACCT0017989,0
ACCT0018012,0
ACCT0018016,0
ACCT0018022,0
ACCT0018079,12
ACCT0018084,0
ACCT0018093,0
ACCT0018148,0
ACCT0018154,0
ACCT0018164,2
ACCT0018177,0
ACCT0018194,1
ACCT0018213,0
ACCT0018216,0
ACCT0018221,1
ACCT0018227,1
ACCT0018292,0
ACCT0018353,0
ACCT0018366,1
ACCT0018368,0
ACCT0018378,1
ACCT0018386,0
ACCT0018392,0
ACCT0018403,1
ACCT0018406,5
ACCT0018409,3
ACCT0018410,0
ACCT0018521,12
ACCT0018567,2
ACCT0018609,1
ACCT0018634,0
ACCT0018690,2
ACCT0018691,0
ACCT0018704,0
ACCT0018736,0
ACCT0018737,1
ACCT0018742,12
ACCT0018764,0
ACCT0018771,0
ACCT0018776,0
ACCT0018780,0
ACCT0018789,4
ACCT0018827,0
ACCT0018858,0
ACCT0018861,0
ACCT0018880,1
ACCT0018890,1
ACCT0018901,0
ACCT0018920,2
ACCT0018931,0
ACCT0018935,0
ACCT0018936,0
ACCT0018943,0
ACCT0018948,0
ACCT0018949,1
ACCT0018975,1
ACCT0018977,0
ACCT0018992,1
ACCT0019003,3
ACCT0019013,0
ACCT0019016,0
ACCT0019026,0
ACCT0019043,0
ACCT0019044,0
ACCT0019065,0
ACCT0019083,0
ACCT0019085,0
ACCT0019109,1
ACCT0019114,0
ACCT0019115,0
ACCT0019123,0
ACCT0019134,0
ACCT0019145,2
ACCT0019157,0
ACCT0019162,1
ACCT0019176,0
ACCT0019177,0
ACCT0019180,0
ACCT0019181,0
ACCT0019182,0
ACCT0019211,1
ACCT0019233,0
ACCT0019234,0
ACCT0019238,0
ACCT0019240,2
ACCT0019249,1
ACCT0019255,0
ACCT0019256,0
ACCT0019269,2
ACCT0019275,0
ACCT0019277,12
ACCT0019280,0
ACCT0019319,3
ACCT0019322,0
ACCT0019324,0
ACCT0019328,2
ACCT0019359,1
ACCT0019374,0
ACCT0019375,0
ACCT0019440,8
ACCT0019444,1
ACCT0019471,1
ACCT0019563,0
ACCT0019574,0
ACCT0019602,2
ACCT0019606,0
ACCT0019608,0
ACCT0019611,2
ACCT0019615,0
ACCT0019638,0
ACCT0019639,1
ACCT0019650,1
ACCT0019664,0
ACCT0019686,0
ACCT0019713,0
ACCT0019714,0
ACCT0019725,0
ACCT0019737,3
ACCT0019740,0
ACCT0019741,0
ACCT0019757,1
ACCT0019780,0
ACCT0019784,2
ACCT0019803,0
ACCT0019809,2
ACCT0019816,0
ACCT0019827,0
ACCT0019828,0
ACCT0019856,0
ACCT0019860,0
ACCT0019896,0
ACCT0019917,2
ACCT0019929,1
ACCT0019947,1
ACCT0019949,2
ACCT0020043,0
ACCT0020070,0
ACCT0020078,0
ACCT0020102,2
ACCT0020106,0
ACCT0020154,0
ACCT0020173,0
ACCT0020186,0
ACCT0020192,1
ACCT0020193,0
ACCT0020195,1
ACCT0020199,2
ACCT0020200,0
ACCT0020213,0
ACCT0020219,0
ACCT0020259,0
ACCT0020261,0
ACCT0020263,0
ACCT0020296,0
ACCT0020303,0
ACCT0020304,0
ACCT0020309,1
ACCT0020310,0
ACCT0020346,0
ACCT0020355,0
ACCT0020395,0
ACCT0020397,0
ACCT0020401,0
ACCT0020402,1
ACCT0020412,0
ACCT0020420,0
ACCT0020442,0
ACCT0020463,0
ACCT0020472,0
ACCT0020478,0
ACCT0020482,0
ACCT0020486,0
ACCT0020490,0
ACCT0020500,1
ACCT0020503,0
ACCT0020508,0
ACCT0020512,0
ACCT0020544,0
ACCT0020548,0
ACCT0020575,0
ACCT0020588,0
ACCT0020590,0
ACCT0020594,0
ACCT0020608,0
ACCT0020609,0
ACCT0020612,0
ACCT0020618,0
ACCT0020625,0
ACCT0020628,0
ACCT0020632,0
ACCT0020649,3
ACCT0020682,0
ACCT0020708,2
ACCT0020717,0
ACCT0020718,0
ACCT0020719,0
ACCT0020726,1
ACCT0020732,0
ACCT0020736,0
ACCT0020745,0
ACCT0020764,1
ACCT0020771,0
ACCT0020780,1
ACCT0020782,0
ACCT0020787,1
ACCT0020803,0
ACCT0020827,0
ACCT0020840,2
ACCT0020844,2
ACCT0020854,0
ACCT0020872,0
ACCT0020876,0
ACCT0020891,1
ACCT0020898,2
ACCT0020905,0
ACCT0020913,0
ACCT0020928,9
ACCT0020937,0
ACCT0020945,0
ACCT0020951,0
ACCT0020962,1
ACCT0020978,1
ACCT0021014,2
ACCT0021023,1
ACCT0021026,0
ACCT0021029,0
ACCT0021030,0
ACCT0021031,2
ACCT0021055,2
ACCT0021058,0
ACCT0021065,0
ACCT0021080,0
ACCT0021091,2
ACCT0021116,0
ACCT0021133,0
ACCT0021138,0
ACCT0021156,0
ACCT0021176,0
ACCT0021182,0
ACCT0021191,0
ACCT0021203,0
ACCT0021209,0
ACCT0021242,0
ACCT0021262,0
ACCT0021273,0
ACCT0021283,0
ACCT0021297,2
ACCT0021344,0
ACCT0021346,1
ACCT0021362,12
ACCT0021363,1
ACCT0021365,0
ACCT0021372,0
ACCT0021385,0
ACCT0021403,0
ACCT0021404,0
ACCT0021418,0
ACCT0021419,1
ACCT0021420,0
ACCT0021429,1
ACCT0021431,2
ACCT0021432,0
ACCT0021444,0
ACCT0021445,0
ACCT0021447,0
ACCT0021464,2
ACCT0021485,0
ACCT0021503,0
ACCT0021509,0
ACCT0021563,12
ACCT0021569,0
ACCT0021594,0
ACCT0021597,0
ACCT0021600,0
ACCT0021619,0
ACCT0021621,1
ACCT0021630,0
ACCT0021648,0
ACCT0021655,0
ACCT0021657,0
ACCT0021660,0
ACCT0021670,0
ACCT0021684,0
ACCT0021705,0
ACCT0021716,0
ACCT0021735,1
ACCT0021739,0
ACCT0021740,1
ACCT0021790,1
ACCT0021794,1
ACCT0021810,0
ACCT0021833,0
ACCT0021857,2
ACCT0021859,0
ACCT0021884,0
ACCT0021941,1
ACCT0021967,0
ACCT0021974,0
ACCT0021991,0
ACCT0021997,0
ACCT0022009,0
ACCT0022036,0
ACCT0022044,0
ACCT0022061,0
ACCT0022093,1
ACCT0022123,0
ACCT0022135,0
ACCT0022166,0
ACCT0022177,1
ACCT0022179,1
ACCT0022181,0
ACCT0022194,1
ACCT0022208,0
ACCT0022223,0
ACCT0022234,1
ACCT0022247,1
ACCT0022282,0
ACCT0022283,0
ACCT0022285,1
ACCT0022301,1
ACCT0022310,0
ACCT0022340,0
ACCT0022341,0
ACCT0022362,0
ACCT0022365,1
ACCT0022386,0
ACCT0022398,0
ACCT0022411,0
ACCT0022441,2
ACCT0022456,0
ACCT0022476,0
ACCT0022502,1
ACCT0022503,0
ACCT0022504,0
ACCT0022506,0
ACCT0022521,0
ACCT0022522,0
ACCT0022531,0
ACCT0022537,0
ACCT0022560,0
ACCT0022580,5
ACCT0022591,2
ACCT0022593,0
ACCT0022604,0
ACCT0022606,0
ACCT0022617,1
ACCT0022625,0
ACCT0022629,0
ACCT0022663,0
ACCT0022720,0
ACCT0022729,0
ACCT0022732,0
ACCT0022738,0
ACCT0022739,1
ACCT0022835,2
ACCT0022867,0
ACCT0022886,5
ACCT0022893,0
ACCT0022895,0
ACCT0022903,0
ACCT0022917,0
ACCT0022920,1
ACCT0022922,1
ACCT0022930,0
ACCT0022934,1
ACCT0022935,0
ACCT0022964,0
ACCT0022970,0
ACCT0022992,0
ACCT0023014,0
ACCT0023015,1
ACCT0023024,2
ACCT0023028,0
ACCT0023038,0
ACCT0023042,3
ACCT0023099,0
ACCT0023117,0
ACCT0023145,1
ACCT0023178,1
ACCT0023188,1
ACCT0023195,0
ACCT0023237,0
ACCT0023238,0
ACCT0023261,1
ACCT0023280,1
ACCT0023281,0
ACCT0023295,3
ACCT0023302,8
ACCT0023310,0
ACCT0023321,0
ACCT0023323,3
ACCT0023327,0
ACCT0023332,0
ACCT0023360,0
ACCT0023362,0
ACCT0023364,0
ACCT0023367,0
ACCT0023398,0
ACCT0023402,0
ACCT0023441,0
ACCT0023442,0
ACCT0023451,0
ACCT0023479,0
ACCT0023490,0
ACCT0023510,0
ACCT0023511,0
ACCT0023513,0
ACCT0023526,0
ACCT0023532,0
ACCT0023551,0
ACCT0023560,0
ACCT0023587,0
ACCT0023591,0
ACCT0023592,1
ACCT0023639,2
ACCT0023646,0
ACCT0023653,0
ACCT0023668,0
ACCT0023699,0
ACCT0023711,0
ACCT0023719,1
ACCT0023722,0
ACCT0023740,0
ACCT0023750,0
ACCT0023786,0
ACCT0023790,2
ACCT0023797,0
ACCT0023829,1
ACCT0023847,1
ACCT0023849,0
ACCT0023857,0
ACCT0023867,0
ACCT0023884,1
ACCT0023919,1
ACCT0023922,1
ACCT0023925,1
ACCT0023958,0
ACCT0023963,0
ACCT0023972,0
ACCT0023993,1
ACCT0024011,0
ACCT0024028,0
ACCT0024034,0
ACCT0024043,1
ACCT0024046,0
ACCT0024076,2
ACCT0024104,10
ACCT0024129,1
ACCT0024130,2
ACCT0024133,2
ACCT0024135,0
ACCT0024136,0
ACCT0024140,0
ACCT0024157,0
ACCT0024160,0
ACCT0024180,0
ACCT0024181,0
ACCT0024186,1
ACCT0024195,0
ACCT0024216,0
ACCT0024219,12
ACCT0024222,0
ACCT0024238,0
ACCT0024245,0
ACCT0024257,0
ACCT0024271,0
ACCT0024304,1
ACCT0024308,0
ACCT0024311,0
ACCT0024336,2
ACCT0024345,0
ACCT0024355,3
ACCT0024363,2
ACCT0024372,0
ACCT0024376,0
ACCT0024382,0
ACCT0024387,0
ACCT0024388,0
ACCT0024408,1
ACCT0024410,0
ACCT0024431,1
ACCT0024437,2
ACCT0024468,0
ACCT0024470,1
ACCT0024472,0
ACCT0024481,0
ACCT0024501,0
ACCT0024547,0
ACCT0024559,2
ACCT0024582,0
ACCT0024584,0
ACCT0024588,0
ACCT0024597,0
ACCT0024600,0
ACCT0024605,1
ACCT0024608,0
ACCT0024612,1
ACCT0024640,0
ACCT0024671,0
ACCT0024696,1
ACCT0024742,1
ACCT0024750,0
ACCT0024754,2
ACCT0024764,0
ACCT0024773,0
ACCT0024848,0
ACCT0024863,0
ACCT0024874,1
ACCT0024898,0
ACCT0024907,0
ACCT0024914,0
ACCT0024921,0
ACCT0025026,0
ACCT0025031,0
ACCT0025043,0
ACCT0025054,1
ACCT0025080,0
ACCT0025099,0
ACCT0025100,1
ACCT0025103,2
ACCT0025122,0
ACCT0025125,0
ACCT0025135,0
ACCT0025146,0
ACCT0025147,0
ACCT0025149,0
ACCT0025167,1
ACCT0025183,0
ACCT0025189,2
ACCT0025192,1
ACCT0025203,0
ACCT0025211,0
ACCT0025214,1
ACCT0025221,0
ACCT0025224,1
ACCT0025231,0
ACCT0025249,0
ACCT0025272,1
ACCT0025273,0
ACCT0025277,2
ACCT0025295,1
ACCT0025313,0
ACCT0025317,1
ACCT0025326,0
ACCT0025334,0
ACCT0025368,12
ACCT0025387,0
ACCT0025392,1
ACCT0025394,0
ACCT0025417,0
ACCT0025428,0
ACCT0025437,7
ACCT0025444,0
ACCT0025462,0
ACCT0025525,0
ACCT0025539,0
ACCT0025593,3
ACCT0025605,1
ACCT0025636,1
ACCT0025640,1
ACCT0025643,0
ACCT0025645,0
ACCT0025658,0
ACCT0025661,0
ACCT0025671,0
ACCT0025673,0
ACCT0025708,0
ACCT0025713,0
ACCT0025738,0
ACCT0025742,2
ACCT0025745,2
ACCT0025749,0
ACCT0025767,3
ACCT0025785,0
ACCT0025799,0
ACCT0025802,0
ACCT0025812,0
ACCT0025817,0
ACCT0025819,0
ACCT0025836,0
ACCT0025874,9
ACCT0025886,0
ACCT0025887,4
ACCT0025903,0
ACCT0025911,0
ACCT0025913,0
ACCT0025921,0
ACCT0025929,0
ACCT0025941,0
ACCT0025942,1
ACCT0025949,0
ACCT0025961,0
ACCT0025962,0
ACCT0025972,0
ACCT0025999,0
ACCT0026011,1
ACCT0026021,0
ACCT0026027,0
ACCT0026033,2
ACCT0026049,1
ACCT0026054,0
ACCT0026066,0
ACCT0026076,0
ACCT0026078,0
ACCT0026088,0
ACCT0026092,1
ACCT0026093,1
ACCT0026095,0
ACCT0026099,2
ACCT0026102,0
ACCT0026110,0
ACCT0026123,2
ACCT0026131,2
ACCT0026147,0
ACCT0026203,0
ACCT0026230,0
ACCT0026231,12
ACCT0026245,0
ACCT0026320,1
ACCT0026332,5
ACCT0026338,0
ACCT0026344,0
ACCT0026351,0
ACCT0026353,1
ACCT0026366,0
ACCT0026378,2
ACCT0026380,1
ACCT0026385,2
ACCT0026402,0
ACCT0026408,0
ACCT0026412,0
ACCT0026415,1
ACCT0026423,0
ACCT0026426,0
ACCT0026449,2
ACCT0026460,1
ACCT0026461,0
ACCT0026474,2
ACCT0026477,0
ACCT0026483,0
ACCT0026485,2
ACCT0026504,0
ACCT0026523,1
ACCT0026527,3
ACCT0026531,0
ACCT0026545,0
ACCT0026573,0
ACCT0026613,1
ACCT0026620,0
ACCT0026626,0
ACCT0026629,0
ACCT0026631,0
ACCT0026637,0
ACCT0026643,0
ACCT0026653,1
ACCT0026663,0
ACCT0026664,0
ACCT0026668,1
ACCT0026726,2
ACCT0026727,0
ACCT0026735,1
ACCT0026772,0
ACCT0026774,0
ACCT0026799,0
ACCT0026810,1
ACCT0026812,4
ACCT0026827,0
ACCT0026846,1
ACCT0026889,0
ACCT0026897,0
ACCT0026902,0
ACCT0026935,0
ACCT0026936,0
ACCT0026938,0
ACCT0026942,0
ACCT0026974,0
ACCT0027003,1
ACCT0027016,0
ACCT0027079,0
ACCT0027080,1
ACCT0027081,0
ACCT0027128,8
ACCT0027189,0
ACCT0027357,1
ACCT0027458,1
ACCT0027485,0
ACCT0027488,1
ACCT0027507,1
ACCT0027522,0
ACCT0027537,0
ACCT0027540,0
ACCT0027549,0
ACCT0027557,0
ACCT0027558,0
ACCT0027565,1
ACCT0027574,0
ACCT0027577,0
ACCT0027589,0
ACCT0027593,0
ACCT0027600,0
ACCT0027621,1
ACCT0027631,0
ACCT0027654,4
ACCT0027692,0
ACCT0027739,0
ACCT0027779,0
ACCT0027868,0
ACCT0027871,0
ACCT0027882,0
ACCT0027884,0
ACCT0027887,12
ACCT0027934,3
ACCT0028019,0
ACCT0028236,0
ACCT0028440,0
ACCT0028443,0
ACCT0028570,0
ACCT0028757,0
ACCT0028989,0
ACCT0029371,0
ACCT0029383,0
ACCT0029651,2
ACCT0029682,7
ACCT0029715,0
ACCT0030110,3
ACCT0030322,12
ACCT0030591,0
ACCT0030758,1
ACCT0030795,0
ACCT0031055,0
ACCT0031127,0
ACCT0031146,0
ACCT0031149,0
ACCT0031181,1
ACCT0031186,0
ACCT0031191,2
ACCT0031215,0
ACCT0031220,0
ACCT0031239,2
ACCT0031252,0
ACCT0031260,0
ACCT0031271,0
ACCT0031277,0
ACCT0031295,3
ACCT0031303,1
ACCT0031308,1
ACCT0031323,0
ACCT0031374,0
ACCT0031386,0
ACCT0031387,1
ACCT0031398,0
ACCT0031404,0
ACCT0031422,0
ACCT0031489,2
ACCT0031544,0
ACCT0031579,0
ACCT0031590,0
ACCT0031673,2
ACCT0031718,0
ACCT0031729,0
ACCT0031751,0
ACCT0031771,0
ACCT0031775,0
ACCT0031784,0
ACCT0031806,0
ACCT0031810,1
ACCT0031819,0
ACCT0031823,0
ACCT0031836,0
ACCT0031880,0
ACCT0032271,0
ACCT0032548,0
ACCT0032552,0
ACCT0032557,0
ACCT0032574,2
ACCT0032584,0
ACCT0032585,0
ACCT0032593,4
ACCT0032599,0
ACCT0032623,0
ACCT0032624,7
ACCT0032625,0
ACCT0032641,0
ACCT0032649,1
ACCT0032678,0
ACCT0032686,1
ACCT0032739,7
ACCT0032745,3
ACCT0032759,1
ACCT0032777,2
ACCT0032782,0
ACCT0032784,1
ACCT0032796,0
ACCT0032804,0
ACCT0032814,1
ACCT0032828,1
ACCT0032837,0
ACCT0032864,0
ACCT0032869,0
ACCT0032873,0
ACCT0032889,0
ACCT0032896,0
ACCT0032915,1
ACCT0032939,1
ACCT0032941,1
ACCT0033012,0
ACCT0033031,0
ACCT0033041,0
ACCT0033051,0
ACCT0033134,1
ACCT0033139,0
ACCT0033149,7
ACCT0033171,0
ACCT0033180,0
ACCT0033181,0
ACCT0033188,0
ACCT0033234,0
ACCT0033238,12
ACCT0033260,0
ACCT0033303,0
ACCT0033325,0
ACCT0033326,0
ACCT0033360,2
ACCT0033363,0
ACCT0033371,0
ACCT0033385,0
ACCT0033394,0
ACCT0033395,1
ACCT0033422,0
ACCT0033425,0
ACCT0033461,0
ACCT0033469,0
ACCT0033470,0
ACCT0033492,0
ACCT0033503,0
ACCT0033510,0
ACCT0033511,0
ACCT0033543,0
ACCT0033556,0
ACCT0033558,1
ACCT0033561,0
ACCT0033565,0
ACCT0033568,1
ACCT0033591,0
ACCT0033607,0
ACCT0033611,0
ACCT0033613,1
ACCT0033626,7
ACCT0033628,0
ACCT0035706,0
ACCT0035717,0
ACCT0035723,1
ACCT0035736,12
ACCT0035749,0
ACCT0035762,3
ACCT0035774,1
ACCT0035813,0
ACCT0035825,0
ACCT0035835,0
ACCT0035843,0
ACCT0035850,0
ACCT0035852,0
ACCT0035853,0
ACCT0035871,0
ACCT0035880,0
ACCT0035882,0
ACCT0035909,9
ACCT0035924,0
ACCT0035926,0
ACCT0035932,0
ACCT0035937,0
ACCT0035967,0
ACCT0037147,0
ACCT0037153,0
ACCT0037173,0
ACCT0037179,0
ACCT0037201,0
ACCT0037202,0
ACCT0037210,0
ACCT0037229,0
ACCT0037284,0
ACCT0037334,0
ACCT0037343,0
ACCT0037348,0
ACCT0037360,1
ACCT0037394,0
ACCT0037417,0
ACCT0037472,0
ACCT0037475,1
ACCT0037482,0
ACCT0037483,0
ACCT0037575,2
ACCT0037586,1
ACCT0037632,0
ACCT0037659,0
ACCT0037714,0
ACCT0037727,1
ACCT0037731,0
ACCT0037750,0
ACCT0037782,2
ACCT0037839,0
ACCT0037932,0
ACCT0037964,0
ACCT0037973,2
ACCT0038021,0
ACCT0038043,1
ACCT0038084,0
ACCT0038098,2
ACCT0038099,0
ACCT0038161,0
ACCT0038180,0
ACCT0038187,0
ACCT0038189,1
ACCT0038259,1
ACCT0038262,1
ACCT0038276,0
ACCT0038278,1
ACCT0038292,0
ACCT0038301,0
ACCT0038312,1
ACCT0038336,2
ACCT0038342,12
ACCT0038348,1
ACCT0038390,0
ACCT0038400,0
ACCT0038410,1
ACCT0038435,0
ACCT0038436,0
ACCT0038440,1
ACCT0038450,0
ACCT0038451,0
ACCT0038475,0
ACCT0038524,3
ACCT0038533,0
ACCT0038600,0
ACCT0038634,0
ACCT0038663,3
ACCT0038692,0
ACCT0038709,0
ACCT0038720,0
ACCT0038722,0
ACCT0038755,0
ACCT0038757,1
ACCT0038767,8
ACCT0038816,0
ACCT0038823,1
ACCT0038839,0
ACCT0038847,0
ACCT0038859,0
ACCT0038870,0
ACCT0038903,0
ACCT0038963,0
ACCT0039440,0
ACCT0039459,3
ACCT0039480,1
ACCT0039482,0
ACCT0039515,3
ACCT0039537,0
ACCT0039561,12
ACCT0039581,0
ACCT0039591,0
ACCT0039597,0
ACCT0039620,1
ACCT0039628,2
ACCT0039634,0
ACCT0039651,0
ACCT0039692,0
ACCT0039726,0
ACCT0039727,1
ACCT0039729,1
ACCT0039731,0
ACCT0039734,1
ACCT0039749,0
ACCT0039754,0
ACCT0039756,1
ACCT0039766,0
ACCT0039769,1
ACCT0039771,1
ACCT0039775,0
ACCT0039816,0
ACCT0039833,0
ACCT0039882,1
ACCT0039894,0
ACCT0039895,2
ACCT0039925,0
ACCT0039926,0
ACCT0039934,1
ACCT0039980,0
ACCT0040009,0
ACCT0040147,0
ACCT0040154,0
ACCT0040165,0
ACCT0040176,0
ACCT0040177,0
ACCT0040178,0
ACCT0040210,0
ACCT0040211,1
ACCT0040236,0
ACCT0040262,0
ACCT0040266,0
ACCT0040274,0
ACCT0040308,0
ACCT0040341,2
ACCT0040354,1
ACCT0040377,2
ACCT0040380,0
ACCT0040418,0
ACCT0040423,0
ACCT0040426,1
ACCT0040469,0
ACCT0040532,0
ACCT0040560,0
ACCT0040561,0
ACCT0040593,0
ACCT0040609,1
ACCT0040611,0
ACCT0040622,0
ACCT0040629,0
ACCT0040631,0
ACCT0040687,1
ACCT0040690,0
ACCT0040710,0
ACCT0044135,1
ACCT0045356,10
ACCT0048682,12
ACCT0048683,0
ACCT0048684,0
ACCT0048690,0
ACCT0048703,0
ACCT0048705,2
ACCT0048706,0
ACCT0048707,0
ACCT0048708,0
ACCT0048726,0
ACCT0048736,0
ACCT0048762,0
ACCT0048784,0
ACCT0048820,0
ACCT0048835,0
ACCT0051572,0
ACCT0051663,2
ACCT0052588,0
ACCT0053016,5
ACCT0053704,0
ACCT0054629,1
ACCT0054828,0
ACCT0055457,0
ACCT0056460,12
ACCT0056468,0
ACCT0056712,0
ACCT0056921,0
ACCT0057701,0
ACCT0057745,0
ACCT0058669,0
ACCT0059067,0
ACCT0059075,0
ACCT0059222,0
ACCT0059273,1
ACCT0059290,2
ACCT0059299,0
ACCT0059340,0
ACCT0059363,0
ACCT0059388,1
ACCT0059399,0
ACCT0059400,0
ACCT0059426,0
ACCT0059427,0
ACCT0059448,0
ACCT0059502,0
ACCT0059505,0
ACCT0059531,0
ACCT0059567,0
ACCT0059613,0
ACCT0059680,1
ACCT0059957,0
ACCT0060113,2
ACCT0060241,0
ACCT0064023,0
ACCT0064053,2
ACCT0064091,1
ACCT0064095,0
ACCT0064113,1
ACCT0064143,1
ACCT0064173,1
ACCT0064248,0
ACCT0064282,0
ACCT0064317,4
ACCT0064338,0
ACCT0064409,0
ACCT0064419,0
ACCT0064424,0
ACCT0064429,0
ACCT0064448,1
ACCT0064512,0
ACCT0064534,0
ACCT0064536,0
ACCT0064589,0
ACCT0064600,2
ACCT0064618,0
ACCT0064647,0
ACCT0064654,0
ACCT0064676,0
ACCT0064677,0
ACCT0064710,1
ACCT0064731,0
ACCT0064743,2
ACCT0064753,4
ACCT0064769,0
ACCT0064780,0
ACCT0064813,2
ACCT0064819,0
ACCT0064825,0
ACCT0064846,0
ACCT0064851,0
ACCT0064867,1
ACCT0064915,0
ACCT0064986,2
ACCT0065022,0
ACCT0065028,0
ACCT0065075,0
ACCT0065088,1
ACCT0065103,0
ACCT0065112,0
ACCT0065113,1
ACCT0065123,1
ACCT0065126,0
ACCT0065127,0
ACCT0065212,0
ACCT0065254,0
ACCT0065285,0
ACCT0065392,2
ACCT0065412,0
ACCT0065457,1
ACCT0065539,1
ACCT0065544,0
ACCT0065573,0
ACCT0065581,1
ACCT0065614,4
ACCT0065616,1
ACCT0065670,0
ACCT0065688,0
ACCT0065697,0
ACCT0065698,0
ACCT0065706,12
ACCT0065710,1
ACCT0065730,0
ACCT0065739,1
ACCT0065828,0
ACCT0065841,1
ACCT0065877,0
ACCT0065911,0
ACCT0065931,0
ACCT0065953,0
ACCT0066101,1
ACCT0066147,0
ACCT0066199,0
ACCT0066211,0
ACCT0066232,0
ACCT0066272,0
ACCT0066292,0
ACCT0066310,0
ACCT0066396,4
ACCT0066408,0
ACCT0066428,0
ACCT0066452,2
ACCT0066480,0
ACCT0066493,0
ACCT0066494,0
ACCT0066500,0
ACCT0066508,0
ACCT0066545,0
ACCT0066577,0
ACCT0066599,0
ACCT0066615,0
ACCT0066637,0
ACCT0066645,0
ACCT0066666,0
ACCT0066708,3
ACCT0066751,1
ACCT0066759,0
ACCT0066818,1
ACCT0066838,0
ACCT0066852,2
ACCT0066896,0
ACCT0066915,0
ACCT0066953,5
ACCT0066968,0
ACCT0067003,2
ACCT0067092,2
ACCT0067158,0
ACCT0067219,3
ACCT0067228,0
ACCT0067235,0
ACCT0067285,0
ACCT0067315,2
ACCT0067323,0
ACCT0067324,0
ACCT0067354,1
ACCT0067390,0
ACCT0067443,0
ACCT0067448,1
ACCT0067489,1
ACCT0067519,0
ACCT0067547,0
ACCT0067599,1
ACCT0067633,0
ACCT0067640,0
ACCT0067644,1
ACCT0067659,0
ACCT0067668,12
ACCT0067688,2
ACCT0067711,0
ACCT0067720,0
ACCT0067787,0
ACCT0067814,1
ACCT0067866,0
ACCT0067998,0
ACCT0068007,1
ACCT0068041,1
ACCT0068045,1
ACCT0068047,0
ACCT0068062,0
ACCT0068073,2
ACCT0068081,0
ACCT0068221,2
ACCT0068250,0
ACCT0068300,1
ACCT0068342,0
ACCT0068371,0
ACCT0068455,0
ACCT0068457,0
ACCT0068472,1
ACCT0068500,0
ACCT0068505,0
ACCT0068548,5
ACCT0068645,0
ACCT0068784,1
ACCT0068812,0
ACCT0068856,0
ACCT0068874,1
ACCT0068885,0
ACCT0068887,2
ACCT0068946,0
ACCT0068949,0
ACCT0068955,3
ACCT0069069,0
ACCT0069133,0
ACCT0069163,0
ACCT0069269,1
ACCT0069309,0
ACCT0069420,0
ACCT0069490,0
ACCT0069589,12
ACCT0069664,0
ACCT0069668,0
ACCT0069675,0
ACCT0069864,1
ACCT0069870,1
ACCT0070307,0
ACCT0070383,0
ACCT0070385,2
ACCT0070511,0
ACCT0070584,4
ACCT0070600,4
ACCT0070701,2
ACCT0070740,0
ACCT0070752,2
ACCT0070754,0
ACCT0070970,0
ACCT0071067,0
ACCT0071108,0
ACCT0071130,0
ACCT0071328,3
ACCT0071463,5
ACCT0071576,1
ACCT0071626,0
ACCT0071635,2
ACCT0071725,2
ACCT0071761,0
ACCT0071764,2
ACCT0071809,1
ACCT0071832,0
ACCT0071894,0
ACCT0071941,1
ACCT0072086,2
ACCT0072091,1
ACCT0072192,0
ACCT0072320,0
ACCT0072345,1
ACCT0072428,0
ACCT0072521,4
ACCT0072557,2
ACCT0072583,0
ACCT0072585,0
ACCT0072614,0
ACCT0072763,0
ACCT0073207,1
ACCT0073287,2
ACCT0073581,0
ACCT0073701,1
ACCT0074006,0
ACCT0074154,2
ACCT0074291,12
ACCT0074455,0
ACCT0074591,0
ACCT0074944,0
ACCT0075133,1
ACCT0075781,12
ACCT0075862,0
ACCT0075902,0
ACCT0076366,1
ACCT0076590,0
ACCT0076744,0
ACCT0076973,0
ACCT0076981,6
ACCT0077830,0
